stars,date,comment
5,12 maggio 2023,Super che dire pesce fresco pulizia super,molto accogliente porzioni abbondanti,e molto asciutto.vista paura proprio difronte al mare.
5,7 maggio 2023,Personale molto accogliente e gentile. Ci siamo sentiti a casa. Vi invito ad assaggiare gli gnocchi fatti in casa..squisiti! Ottima frittura mista di pesce e dolcetti buoni e originali. Grazie
5,29 aprile 2023,Cibo di alta qualit√† e personale molto gentile ed amichevole, oltre che accogliente.   Lo consiglio vivamente !!!!!!!!
1,24 aprile 2023,All‚Äôingresso buona accoglienza dal cameriere, poi per√≤ ci hanno parcheggiato da un lato e dimenticato di noi, dopo 30 minuti siamo riusciti ad ordinare , dopo altri 30 minuti arrivano 2 dei 6 piatti ordinati, poi altri 2 piatti (pasta senza sale) , poi dopo...altri 20 minuti gli ultimi 2 , la fornarina ordinata non √® pi√π arrivata . All‚Äôuscita (penso la proprietaria) ci ha chiesto se √® andato tutto bene abbiano annuito si ma poteva andare meglio ,ha trovato una scusa che non esiste (non hanno messo l‚Äôurgenza) per√≤ devo dire che ci ha fatto 20 euro di sconto . Posto sul mare quindi bel panorama , i secondi di pesce erano buoni, i primi meglio evitare ,  attesa troppo lunga e servizio inesistente .Pi√π
5,11 aprile 2023,Cercavamo un posto dove mangiare a pranzo e abbiamo trovato questo ristorante molto accogliente, all‚Äôentrata la signora che c‚Äôera alla cassa √® stata molto gentile. Un grande complimento va dedicato al Cameriere molto professionale potrebbe essere un maitre, curava il servizio in maniera impeccabile con...attenzione e riguardo verso la spiegazione dei piatti, si vedeva che aveva molta esperienza. Ordiniamo due fritti misti e due spritz tutto molto buono non abbiamo aspettato tanto il servizio era molto veloce.  Consiglio vivamente di andare a provare questo ristorante. Ci torneremo sicuramente. üòÉPi√π
5,9 aprile 2023,Ottimo ristorante, gentilissimi ottima la cucina e il prezzo giusto per essere Pasqua. Personale molto professionale
5,9 aprile 2023,Locale accogliente personale molto carino e gentile, cucina eccellente e piatti abbondanti,pesce freschissimo cucinato al momento e prezzo  onesto, lo consiglio
4,24 marzo 2023,Sempre livello alto, sia nella qualit√† del cibo che nella gentilezza e accoglienza. Locale pulito e ben tenuto. Che dire, se siete in zona fermatevi.
5,19 novembre 2022,Stasera ho cenato con amici in questo bellissimo ristorante. Siamo stati davvero bene: il pesce era  fresco e le porzioni super abbondanti. Ma oltre al cibo, davvero eccellente, mi ha colpito la gentilezza del personale e l'atmosfera calda e familiare che si respira all'interno di...questa meravigliosa terrazza dei sogni. Ci ritorner√≤ sicuramente!! ‚ò∫Ô∏èPi√π
4,5 novembre 2022,Vicino al mare sul viale principale, bel locale ampio. Ingredienti freschi con piatti di qualit√† cucinati al momento. Consigliato!
5,10 settembre 2022,Siamo entrati con diffidenza massima in quanto, forse a causa dell‚Äôorario il ristorante si presentava vuoto, e siamo stati accolti da personale di sala e dalla proprietaria con un incredibile gentilezza e professionalit√†. I piatti sono stati tutti eccellenti ( tagliata di salumi e formaggi...Pi√π
3,9 settembre 2022,Locale abbastanza  grande sulla strada prospicente il lungomare. Menu' abbastanza vario, ance se non amplissimo Buona la qualita' del cibo. Servizio cordiale. Prezzi onesti
3,29 agosto 2022,In questo ristorante,  ho fatto 2 pranzi in quanto convenzionato con l‚Äôhotel Palm Beach adiacente , le cameriere gentilissime , la cucina buona , piccolo men√π per gli ospiti dell‚Äô hotel con scelta tra antipasti , primi o secondi o pizza . Io ho scelto...Pi√π
3,22 agosto 2022,Location molto carina , situata davanti al lungomare di Rimini.  Personale molto disponibile, ma non siamo rimasti tanto contenti per quanto riguarda la lentezza nel servizio e soprattutto la tagliata di carne.
5,13 agosto 2022,Abbiamo pranzato in questo ristorante oggi 1 giorno all hotel Palm Beach e devo dire che il ristorante √® carino arredamento particolare marinaro luminoso personale molto accogliente il cibo di ottima qualit√† e abbondante i dolci della casa il prezzo e adeguato alla qualit√† allego...Pi√π
1,27 luglio 2022,Le ragazze in sala molto gentili.La signora alla cassa  meglio che cambi mestiere...!!!!!!Cafona ai massimi livelli !!!!
5,17 luglio 2022,Sono stata pranzo Nonostante il caldo pesante, l'ambiente √® ventilato e si stava da dio Personale cortese e tanta gentilezza La frittura di pesce da 10 Come si fa a non ritornarci?
5,15 luglio 2022,Sono stata oggi in questo ristorante con il mio ragazzo, devo dire  eccezionale! Porzioni molto abbondanti non siamo riusciti a finire il secondo! Una peculiarit√† inoltra con l'antipasto tavolozza di mare portano non solo le cozze ma anche una ciotola piena di vongole! Tutto molto...Pi√π
5,12 luglio 2022,ottima cucina, personale cordiale e cortese, ritorneremo senz'altro. consigliamo a chiunque di andare qui. ad maiora!
5,6 luglio 2022,Pesce fresco, prezzi onesti, location molto piacevole, gente simpatica e cortese. Pi√π di cos√¨... io non chiederei. Consigliato
3,22 maggio 2022,Le tre stelle sono soltanto per il riso ai frutti di mare che era immangiabile a causa della quantit√† di sale che lo ha reso immangiabile, essendo quella la portata primaria mia e di mia moglie alla fine lo abbiamo consumato lo stesso (forse commettendo...Pi√π
5,20 maggio 2022,Trovato rifugio alla Terrazza dopo che la reception del nostro albergo ci aveva suggerito di cenare dal dirimpettaio di questo ristorante, dove abbiamo trovato sala stracolma, rumore  assordante, caos estremo. Scappati subito, ci siamo intrufolati alla Terrazza: piacevolissima scoperta. Ottima cena di pesce, persone gentili...Pi√π
5,20 maggio 2022,E la mia seconda volta che passo una serata da voi con la mia famiglia √® che dire sempre pi√π ottimo bravi ragazzi ü§©
5,18 maggio 2022,personale gentilissimo, terrazza con vista sul mare con tutti i colori del tramonto .... Fantastica! Antipasto di mare eccellente il polpo aveva un sapore meraviglioso la grigliata era cotta alla perfezione e il pesce lasciava sentire la sua freschezza,la frittura croccante e non unta deliziosa....Pi√π
5,18 maggio 2022,L'arredamento in stile marinaro e la vista mare rendono questo locale molto affascinante. La cortesia del personale dall'accoglienza al servizio rendono il pasto molto piacevole, il cibo fantastico un melange di sapori gradevoli anche a me che sono ipercritico, la cacio e pepe di mare...Pi√π
1,16 maggio 2022,Men√π gi√† concordato. Ho mangiato due volte in questo cosiddetto ristorante e facevo parte di un gruppo numeroso...(20 persone la prima sera, un centinaio la seconda). Pasta al pesto (immangiabile per quanto era salata) la prima sera e una improbabile scaloppina al limone...di maiale e...Pi√π
1,14 maggio 2022,Location discutibile‚Ä¶ gli addobbi di Natale, la facevano ancora da padrone. Ma ‚Äúil bello‚Äù arriva dopo!!!!!!! Antipasto ‚Äúmangiabile‚Äù, i due primi: riso ai frutti di mare (scotto e bruciato‚Ä¶ non commestibile) - spaghetti con arselle inesistenti (collosi), 90 piatti usciti dalla cucina rimasti intonsi; per...Pi√π
5,19 aprile 2022,Grazie Ragazze per la splendida Pasqua che ci avete fatto trascorrere ...  Siete state eccezionali nonostante il delirio di gente e il poco personale.  Pesce ottimo come sempre e dolci spettacolariiiii!  E di voi che dire? Promosse a pieni voti: ci avete riempito di attenzioni...Pi√π
5,14 aprile 2022,Siamo 4 amici  a Rimini, trovato questo locale quasi per caso‚Ä¶.cibo ottimo, accoglienza Super‚Ä¶..tutto veramente veramente Ottimo‚Ä¶..A presto‚Ä¶..
1,13 aprile 2022,Locale molto freddo da dover mangiare con il giacchetto, oltre all'acqua che filtrava dalla copertura. Cena da dimenticare per la qualit√† con portate di pesce riscaldate perch√© preparate chiss√† quanto prima, per non parlare poi del prezzo, 1antipasto di mare 2grigliate miste di mare 1/2litro...Pi√π
5,7 aprile 2022,Posto molto carino, personale cortese simpatico e disponibile  , ottimo cibo.... Sono stato la sera che facevano il karaoke con la spettacolare animazione di Ciri Ceccarini e del suo "KARAOKE HERE" e mi sono divertito tantissimo . Grazie tante per la Bella serata.
5,13 febbraio 2022,Molto buono e posto molto accogliente  Cameriera super cordiale e disponibile  Qualit√† prezzo perfetta
4,11 gennaio 2022,Sono stato domenica con mio marito Bellissimo posto accogliente pulito e qualificato piatti deliziosi servizio rapido e molto professionali la cameriera Cinzia √® stata un tesoro fin da l'inizio complimenti alla cucina. alla prossima
5,11 gennaio 2022,Ero con la mia famiglia per un weekend passeggiando ho visto questo elegante ristorante e mi ha incuriosito ci siamo fermati e subito con una bella presenza del personale molto qualificati ci hanno fatto accomodare abbiamo ordinato 4 primi  due pacchi di Bronte e due...Pi√π
4,2 dicembre 2021,Ci siamo trovati molto bene, sia per la disponibilit√† del personale che per la qualit√† del cibo. Interessante la proposta di pizze gourmet. Rapporto qualit√† prezzo in linea con la qualit√†
4,14 novembre 2021,Subito cortesia e bont√†. Golosi piattoni di pesce di mare. Bella e spaziosa location a due passi dalla spiaggia.
5,5 novembre 2021,Torniamo nel posto del nostro cuore a Rimini, dove se vuoi mangiare bene, sei nel posto giusto. Ennesima conferma, cibo sublime e gentilezza del personale al top. Peccato solo per l'attesa verso fine cena, comprensibile e ampiamente giustificata dal poco personale presente quella sera. Una...Pi√π
5,28 ottobre 2021,Cena. 27 ottobre. La cortesia, la simpatia e la professionalit√† del personale di sala hanno fatto da cornice ad una serie di squisite portate. Carne e pesce erano di ottima qualit√†. Servizio veloce e curato. I nostri ospiti, di un altro Stato, ancora questa mattina...Pi√π
3,10 ottobre 2021,Tutto molto buono prezzi da rivedere tipo grappa 7‚Ç¨. Personale gentile e disponibile, locale un po datato, ma nel complessivo buono .
1,5 settembre 2021,aspettato molto per il primo e quando arrivato il primo con pesce che sapeva di ammoniaca subito dopo ci hanno portato il secondo e anche l√¨  pesce avariato  e non ci hanno chiesto neanche il green pass di sicuro non ritorner√≤  in quel posto lo...Pi√π
5,2 settembre 2021,Ci siamo recati presso il Ristorante La Terrazza per caso ed √® diventato il nostro posto preferito, ogni sera. Cortesia, professionalit√†, location ariosa, elegante ed accogliente. Il men√π √® divino, le porzioni extra generose e la pizza indimenticabile. La proprietaria accoglie come fossimo di famiglia...Pi√π
5,30 agosto 2021,Cucina italiana, e non solo.  Piatti revisionati di squisitezza assoluta, ottima presentazione delle pietanze, pronto servizio.  Cocktails fa-vo-lo-si stuzzicheria di qualit√† eccellente.  Personale gentilissimo.  Una esperienza indimenticabile.
4,25 agosto 2021,Abbiamo avuto accesso al ristorante dopo aver mostrato il green pass e ci√≤ ci ha resi tranquilli.Locale caratteristico, personale competente,ma alla mano. Cibi ottimi con sapori particolari.Ci siamo molto rilassanti.Il cameriere : alto, magro e con gli occhi azzurri ( di cui per√≤ non conosciamo...Pi√π
5,24 agosto 2021,Abbiamo cenato presso La Terrazza ieri sera, attirati dalla bella location. La gentilezza e la professionalit√† del personale sono uniche,cibo ottimo (cozze, tagliolini con lo spada e grigliata di mare),prezzo adeguato. Ci torner√≤
5,20 agosto 2021,Quello che non ti saresti mai aspettato, un'accoglienza deliziosa, personale qualificato e gentile, per non parlare della qualit√† dei piatti, Come antipasti Cozze alla tarantina saporitissime, polpo e patate con gusto delicato e apprezzabile ed in chiusura pizzette fritte con sopra pomodoro e pecorino  squisite....Pi√π
4,20 agosto 2021,Ristorante molto carino, informale. Personale molto cordiale e disponibile. Ho ordinato esclusivamente pesce e gli alimenti erano di qualit√† e freschi. Ci sono ritornata la sera successiva. Quindi mi sento di consigliare questo ristorante se si vuole passare una serata tranquilla accompagnata da buon cibo.
5,17 agosto 2021,Che dire,insieme alle mie amiche ci siamo capitate quasi per sbaglio..abbiamo trovato cibo ottimo e personale davvero molto acogliente,preparato e gentile‚Ä¶lo consiglio vivamente!!!!üòä
1,17 agosto 2021,Personale lento (fila abbandonata da molte persone) e scortese (maleducazione e incapacit√† verso la clientela), pizza veramente di basso livello. Occhio che se rispondete ancora male, i clienti li perdete!
5,10 agosto 2021,Se vi capita di passare da Rivazzurra, vi consiglio la pizza "elisir d'amore", ovvero salsiccia, funghi champignon e scamorza (sarebbe su base bianca, ma io ho voluta provarla su base della margherita). Il risultato: veramente ottima, a partire dell'impasto tipico napoletano. Personale molto gentile ed...Pi√π
5,9 agosto 2021,Ottima cucina del territorio, dal classico ai sapori pi√π ricercati. Servizio eccellente e molto preparato sulle pietanze. Consiglio a tutti una visita, molto molto meritata!
4,7 agosto 2021,Ristorante a due passi dal mare, molto accogliente con personale cordiale, attento  all' esigenza del cliente. Cibo di ottima qualit√† dalla pizza, ai primi e secondi.  Titolare simpatica, gentile. Una sicurezza per chi soggiorna a Rivazzurra.
5,6 agosto 2021,Eravamo 2 coppie di amici con un bimbo a coppia. Abbiamo ordinato sia Carne che pesce,  ma nonostante questo il servizio √® stato rapido (previo avviso da parte loro che forse avrebbero tardato). Pietanze  ottime e non unte (tagliata + misto camionista di pesce +...Pi√π
5,4 agosto 2021,Accoglienza molto gradevole,  Nicola , Matteo e Cinzia , personale attento e premuroso . Piatti , ben presentati, quantit√† buona , qualit√† ottima , come ottimo √® stato il prezzo. Consiglio vivamente
5,24 luglio 2021,Io e il mio compagno siamo capitati qui un po'per caso, non abbiamo prenotato e ci hanno comunque trovato un tavolo disponibile. Servizio impeccabile, i camerieri sono veramente attenti alle esigenze del cliente. Ci hanno fatto sentire a casa! Abbiamo preso un antipasto da dividere...Pi√π
5,10 luglio 2021,Accoglienza ottima, tutto il personale super gentile e attento, specialmente il cameriere Matteo che ci ha spiegato ogni piatto come era preparato e ci ha consigliato i migliori abbinamenti.  Inoltre la cucina √® sul momento, senza precotti o surgelati. Tutto pesce fresco. Sicuramente un‚Äôesperienza da...Pi√π
5,7 luglio 2021,Ci troviamo quasi per caso nel nostro ultimo pranzo riminese con amici in questo ristorante affacciato sul lungomare. Prima impressione: posto di classe dove vieni accolto con grande calore e amore verso il cliente. Servizio impeccabile, perfetto, neanche una sbavatura. Ce ne fossero tanti altri...Pi√π
5,3 luglio 2021,Federica la cameriera fantastica. Cibo spaziale. Posto bellissimo. Consigliato. Vista mare. Servizio serio
4,29 giugno 2021,Cena ottima, porzioni abbondanti con prezzi giusti.  Servizio rapido e cortese. Consiglio assolutamente!
2,26 giugno 2021,Il posto √® anche carino e comodo, il pesce buono, ma il servizio SICURAMENTE VERGOGNOSO e INQUALIFICABILE. Attese lunghissime, camerieri distratti e pizze INCOMMENTABILI. Magari se scrivessero a Cucine da Incubo, il buon Cannavacciulo li darebbe tante di quelle pacche da farli cambiare idea di...Pi√π
1,26 giugno 2021,In un'ora e mezza non sono riusciti a portarci due bottiglie d'acqua e una bottiglia di vino. Quando finalmente √® arrivato il bere, mancavano i bicchieri. Ci siamo serviti da soli dallo scaffale. Poi ci hanno detto che non avevano segnato i piatti che avevamo...Pi√π
5,12 giugno 2021,Li ho conosciuti con l‚Äôasporto‚Ä¶sempre puntuale, qualit√† ottima, piatti consegnati caldi e a cottura perfetta!  Ci sono andata poi personalmente appena hanno riaperto e da allora non li lascio pi√π‚Ä¶sempre una garanzia di buon cibo e cortesia ed attenzione verso il cliente.  Una certezza di...Pi√π
5,12 giugno 2021,Passavo quasi per caso sul lungomare quando mi si √® palesato questo ristorante‚Ä¶. mi guardo intorno e c‚Äô√® proprio vicino un altro , dove vado ??? All‚Äôoroscopo non ci ho mai creduto , anzi se proprio devo dirla mi f√† venire l‚Äôorticaria, entriamo nell‚Äôaltro.  Preso...Pi√π
5,2 giugno 2021,Sono stato a cena in questo ristorante con mia moglie. Il cibo √® veramente ottimo e di qualit√†, il prezzo √® nella norma. Un plauso al personale, dimostratosi cordiale, serio e professionale. Se dovessi ritornare a Rimini in vacanza, ci ritorner√≤ di sicuro.
5,29 maggio 2021,Siamo stati "agganciati" da ALESSIO,chiamato il bello del locale, sulla soglia di ingresso del Ristorante.Sala pulita, luminosa e accogliente con personale qualificato, disponibile e premuroso.Abbiamo mangiato Il misto del Camionista (vedi foto) un piatto ricco e squisito davvero eccezionale ,preceduto da zeppole di mare e...Pi√π
5,16 maggio 2021,Siamo stati a cena in questo posto molto bello,il personale √® simpaticissimo,gentilissimo e molto professionale. Il cibo √® spettacolare, consigliatissimo.
5,7 maggio 2021,Sono stato in questo ristorante con amici e sono stato veramente bene ,accoglienza eccezionale,location che non lascia nulla al caso soprattutto la cucina veramente al top. Vi invito ad andarci .
5,7 maggio 2021,L'accoglienza di Cristina e Simona e'gia un motivo pi√π che sufficiente per ripetere l'esperienza. Se poi si aggiunge la location, veramente  gradevole e ben curata, il rispetto delle normative covid e le  fantastiche proposte culinarie della chef Sara, il ristorante si colloca certamente fra i...Pi√π
5,1 maggio 2021,Ristorante vista mare tranquillo e accogliente. Personale simpatico e cordiale. Ottimi e abbondanti piatti di mare e di terra. Buona scelta di dolci, non scontati, fatti in casa. Un locale in cui tornare senz'altro.Pi√π
5,22 febbraio 2021,Volevo ringraziare tutto lo staff x l'accoglienza che ci hanno riservato sabato 20 a pranzo .ci hanno messo al nostro agio con tutte le precauzioni del momento Covid.abbiamo mangiato in 4 √® 4 primi diversi di pesce molto gustosi e sicuramente fresco .frittura mista con...Pi√π
5,7 febbraio 2021,Ho approfittato della prima domenica in fascia gialla, per recarmi in questo delizioso locale con vista sul mare Personale molto gentile, accogliente e professionale, che ci ha saputo spiegare tutto in dettaglio e consigliarci il vino migliore da abbinare  Ottima la cucina  Io ed il...Pi√π
5,2 ottobre 2020,Abbiamo cenato gioved√¨ sera in 4 ottimi primi di pesce, piacevole ambiente ecucina al massimo rapporto qualita' prezzo e ci hanno offerto prosecco e dolci.
5,21 settembre 2020,Ogni volta che mangio presso questo ristorante rimango pi√π che soddisfatto! Piatti davvero ottimi e prezzi pi√π che onesti. Questa volta ho anche avuto il piacere di conoscere Alessio un giovane cameriere che ha reso la cena molto divertente.
5,13 settembre 2020,Convinti a fermarci a cena dalla simpatia del cameriere. Personale gentilissimo e disponibile. Spaghetti alla carbonara di mare molto buoni. Servizio veloce. Sicuramente una cenetta in questo ristorante la rifar√≤. Bravi!
5,12 settembre 2020,Ci siamo trovati a mangiare in questo ristorante, tutto ottimo, dall antipasto di pesce buonissimo, allo spaghetto, e infine all ottima grigliata di pesce. Lo staff da 10, vedere del personale cos√¨ carismatico  non √® da poco. Tutto ottimo dallo staff alle pietanze. Sicuramente ci...Pi√π
2,31 agosto 2020,Siamo stati a cena qui circa due settimane fa. C'√® da dire che non avevamo prenotato, tuttavia, nonostante il ristorante fosse praticamente vuoto, ci hanno "trovato" un tavolo comunque. Peccato che al momento di ordinare, il cameriere ha cercato di indurci a ordinare altro rispetto...Pi√π
4,30 agosto 2020,Da quattro anni veniamo in vacanza a Rivazzurra di Rimini, in hotel quest'anno in convenzione con il ristorante Le Terrazze. Ci siamo trovati molto bene dal primo giorno. La signora ci ha accolto subito con molta gentilezza, personale disponibile e simpatico. Buoni piatti, in particolare...Pi√π
5,28 agosto 2020,Siamo tornati per la seconda volta e devo dire che √® stata ancora meglio della prima. Locale pulito. Atmosfera accogliente. Personale giovane, simpatico e cordiale. Attesa ragionevole fra una portata e l'altra ... Considerando che √® tutto cucinato al momento (e si sente). Quadri della...Pi√π
1,23 agosto 2020,Premetto che il ristorante ha una convenzione con l'albergo in cui alloggiamo. Ci presentiamo alle 19.30 accoglienza pessima si guardano tra di loro e confabulano che non abbiamo prenotato(????). Posti vuoti tantissimi e ci dicono che sono in difficolt√† a darci un tavolo.Prendiamo 3 pizze...Pi√π
5,23 agosto 2020,Personale ottimo, siamo stati due volte con la mia famiglia ci hanno trattato benissimo, ci hanno servito subito, i bimbi hanno mangiato subito, poca attesa, cibo ottimo, lo consiglio vivamente
1,18 agosto 2020,Locale carino, personale impreparato e con battute sarcastiche inopportune. Abbiamo ordinato una porzione di verdure gratinate ed erano buone (peccato che il cameriere non sapesse neanche il tipo di verdure che ci sarebbero state), gnocchi alla Sorrentino buoni, patatine fritte mai state servite, tagliatelle al...Pi√π
2,18 agosto 2020,io non ho parole...l ordinazione presa dopo quasi mezz ora ad aspettare e per di piu dopo altre persone arrivate dopo di noi...servizio pessimo dal cameriere che ci ha preso l ordinazione che √® stato veloce e sbrigativo perche aveva da fare la corte alle...Pi√π
1,16 agosto 2020,Arriviamo con prenotazione e ci fanno attendere 20 minuti. Camerieri svogliati. Cibo nella media. Scortesi. Dopo 5 richieste di abbassare il condizionatore ho dovuto minacciare di andarmene. Conto salato e locale sporco. Ciliegina sulla torta, attenzione che si intascano le cose.. ho dimenticato sul tavolo...Pi√π
2,16 agosto 2020,Mi spiace per le due signore alla cassa che presumo fossero le titolari...il cibo buonoa il servizio scadente. Su 5/6 camerieri due lavoravano , le altre gironzolavano per i tavoli senza far nulla. Una si arricciava i capelli con le mani , le stesse mani...Pi√π
1,13 agosto 2020,Entriamo nel locale alle 21 circa e ci fanno accomodare ad un tavolo. Men√π scritto sulle tovagliette un po' confuso secondo noi. Tempo 3 minuti dalla nostra seduta si presenta un cameriere, ma non avendo avuto troppo tempo per decidere, chiediamo se gentilmente potesse darci...Pi√π
1,11 agosto 2020,Non si mangia malaccio, anche se su tutto l‚ÄôAdriatico si mangiano fritture di pesce imparagonabili rispetto a quelle servite qui. Ordinazione del bambino (prioritaria) sbagliata, quindi servito per ultimo. Musicaccia alla tv ad alto volume. Dopo tre richieste di poter almeno abbassare, ci siamo spostati...Pi√π
1,10 agosto 2020,Scelto il tavolo all‚Äôesterno passano 20 min per prendere l‚Äôordine, e 40 per tre pizze...se non sollecitavo io . Ne Pane ne grissini (Al tavolo c‚Äôera una bimba di due anni e mezzo....pizza ordinata baby, arrivata e pagato normale sorvoliamo....pizze quasi fredde....conto 42 euro per...Pi√π
4,3 agosto 2020,Siamo stati tre giorni a pranzo e cena e siamo stati molto bene: buon cibo, servizio veloce ma cortese e molto professionale, credo che torner√≤
5,2 agosto 2020,Ambiente pulitissimo, luminoso ed in posizione strategica. Ottima la cucina, con cibo sempre fresco e di qualita'. Camerieri cordiali, molto professionali e staff sempre pronto a soddisfare il cliente portando attenzione ad ogni richiesta. Poi la cordialita',la gentilezza, la simpatia e l'impegno costante di Cristina...Pi√π
3,27 luglio 2020,Mangiato in maniera poco pi√π che buona, senza calcolare l'ora di ritardo tra un piatto e l'altro,l'unica cosa arrivata in maniera rapida anche se non fantastiche sono state le patatine fritte ordinate per stuzzicare. Non √® stato chiesto scusa da alcun cameriere per via di...Pi√π
4,24 luglio 2020,Siamo venuti in questo ristorante anche se non consigliato ma invece si √® rivelato un ottimo ristorante cibo molto buono pesce fresco e di alta qualit√† prezzo normale e servizio ottimo
3,23 luglio 2020,Buon ristorante e pizza buona ci √® piaciuto un po migliorabile ma tutto sommato siamo andati 3 volte quindi promossi
5,22 luglio 2020,Posto molto accogliente, tempi di attesa molto brevi,  camerieri molto cordiali. Prezzi modici. Consiglio vivamente.
5,19 luglio 2020,Sono stato qui con la mia famiglia pi√π volte in una settimana e sono sempre rimasto soddisfatto per la cura e la genuinit√† dei piatti e per la cortesia delle titolari. Ambiente pulito, prezzi nella media (nessuna sorpresa rispetto a quelli riportati nel menu). Lo...Pi√π
1,18 luglio 2020,Cibo congelato e prezzo esorbitante per la qualit√† del cibo proposto. L'unico prezzo onesto √® stato il prosecco
5,17 luglio 2020,Ero stata qui qualche anno fa, poi la gestione di un'incompetente mi aveva allontanata definitivamente ma adesso il ristorante √® in mano a due signore straordinarie, che mettono nel loro lavoro impegno e dedizione..... e i risultati sono eccellenti! Abbiamo pranzato/cenato qui sia in convenzione...Pi√π
4,16 luglio 2020,Locale molto bello, possibilit√† di visionare il menu tramite il QrCode. Personale gentile e disponibile. I piatti, come ogni anno.... non deludono mai.
3,13 luglio 2020,Buona accoglienza  Location sulla strada litoranea, con vista spiaggia essendo rialzata.  Buone tagliatelle con rag√π, convenzionalissime quelle al salmone. Secondo freddo un po‚Äô frettoloso.  Prezzi contenuti
1,12 luglio 2020,Partiamo dal presupposto che il cameriere deve ancora darci la risposta se avete gli scampi. Abbiamo ordinato un.misto fantasia di mare di pesce crudo, senza un filo d'olio ne un limone e per avere una fetta di limone abbiamo aspettato 10 minuti con qualit√† del...Pi√π
5,8 luglio 2020,In vacanza con mia figlia abbiamo mangiato in questo ristorante un paio di volte perch√© convenzionato con il nostro albergo. In queste occasioni il men√π a disposizione √® stato pi√π o meno quello tipico degli alberghi in Romagna: comunque buono. Siamo rimaste per√≤ molto colpite...Pi√π
5,7 luglio 2020,Di passaggio ho preso una pizza ed una focaccia a dir poco fenomenali. Complimenti sinceri. Bravissimi
1,5 luglio 2020,Se non volete stare male non andate a mangiare qua! Degli spaghetti Lupen che sarebbero alle vongole non si sente neanche il profumo di pesce, praticamente sono spaghetti immersi nell'olio. L'antipasto di pesce non sapeva di niente. L'unica cosa di buono √® la gentilezza dello...Pi√π
5,4 luglio 2020,Siamo stati a cena io ed il mio ragazzo alla Terrazza questa sera sabato 4 luglio, prenotando tramite ‚ÄúThe Fork‚Äù, una volta arrivati abbiamo atteso pochissimo prima di accomodarci.  Abbiamo preso una catalana come antipasto, due primi (ottimi davvero), un fritto misto davvero buonissimo e...Pi√π
5,2 luglio 2020,abbiamo cenato mercoledi 1 luglio con passatelli al rag√π di pesce, ottimi primi , cordialit√† e professionalit√† del personale .rapporto qualit√† prezzo pi√π che ottimo.Da consigliare.
5,1 luglio 2020,Ottimo come sempre! Abbiamo preso il gran misto del camionista... buonissimo! Siamo tornate una seconda volta e abbiamo preso due primi. Personale gentilissimo e disponibile, mi chiedo come si possa dire il contrario! A presto!Pi√π
1,28 giugno 2020,Sconsigliato!! Servizio pessimo e lento,  Cibo di scarsa qualit√† e quantit√† x quanto riguarda le insalatONE. Insufficiente rapporto tra qualit√†/prezzo. Inoltre il personale non indossava in modo adeguato le mascherine.
4,21 giugno 2020,Positivo. Offerto aperitivo e liquore alla fine ed uno sconto da consumare entro fine mese. Attenzioni gradite che sicuramente tenderanno a promuovere il locale. Tutti molto attenti e gentili. Prezzo congruo.Pi√π
5,21 giugno 2020,Posto eccellente, consigliato per mangiare pesce o pizza, personale gentilissimo e l‚Äôattesa √® davvero poca. Da provare!Pi√π
5,1 giugno 2020,Delizioso  ambiente marino con vista mare unico nella zona. Pietanze di pesce con proposte particolari rispetto ai soliti men√π. Personale gentile e cortese. Grazie per la vostra ospitalit√† perch√© da oggi siamo diventati sicuramente vostri clienti. Alla prossima.Pi√π
5,1 giugno 2020,Veramente ottima qualit√† del cibo. Antipasti, frittura e grigliata veramente buona.  Il personale √® stato veramente cordiale e soprattutto con molta pazienza...nostra figlia Alice Di 3 anni, un po‚Äô vivace, si √® fatta notare...ma i ragazzi dello staff sono stati veramente super disponibili.  Anche in...Pi√π
5,28 aprile 2020,Abbiamo ordinato la scorsa settimana per un pranzo in ufficio . A parte la puntualit√° siamo rimasti sorpresi per la quantit√† e la qualit√° del cibo , eravamo in tre ma avremmo potuto mangiare almeno in cinque . Carpacci super e fornarina buonissima, primi ottimi...Pi√π
5,25 febbraio 2020,Ristorante pizzeria molto carino sul lungomare di Rimini. Pizza veramente fantastica, se piace alla napoletana: cornicione alto e soffice, parte interna sottile e farcita con ingredienti di ottima qualit√†. Prezzi in linea con la media del luogo, bassi rispetto alla qualit√† dei prodotti. Servizio puntuale,...Pi√π
4,16 febbraio 2020,Uno dei pochi ristoranti aperti della zona in inverno. Non avevamo molta scelta... Siamo stati fortunati, gentilezza tipica della Romagna, piatti buoni, location comoda proprio sul lungomare, tempi di attesa un p√≤ lunghi e caos nel finale. Forse hanno poca esperienza e devono migliorare l'organizzazione....Pi√π
5,5 febbraio 2020,Mi sono fermato casualmente ed √® stata una piacevole sorpresa buona la pizza e molta cortesia nel servizio, torneremo sicuramentePi√π
5,20 gennaio 2020,Location molto bella con vista mare, personale molto cordiale e attento ad ogni minimo particolare. Ristorante molto pulito e attenti alla cura di ogni piatto (squisito). A Rimini √® il meglio!
1,19 gennaio 2020,Attesa infinita, disorganizzazione, confusione e gente che si alza e se ne va senza mangiare. Tutto da rivedere
3,19 gennaio 2020,Locale molto carino e vicino al mare. Siamo arrivati presto e abbiamo mangiato bene. Peccato che dopo un'ora ci sia stato il tilt totale, e che dopo i tempi di attesa siano stati assurdi....1 ora per una fetta di cheescake! Tanti si sino alzati e...Pi√π
1,18 gennaio 2020,In occasione della consueta fiera SIGEP, prenotiamo al mattino in questo ristorante e arriviamo alle ore 20.30. Ordiniamo alle 21 perch√© chiamo io il cameriere che non considera alcuni piatti e adesso sono le 21. 50 e non abbiamo mangiato NIENTE!
5,11 gennaio 2020,Ci siamo fermati x caso... .. E devo dire che ci siamo trovati molto bene.. Cibo ottimo personale gentile e simpatico... Torneremo.
4,7 gennaio 2020,rimbalzati dal locale di fianco, sempre strapieno, ci imbattiamo ne La Terrazza Rimini per caso. Location di mare, bianca e azzurra che fa sempre sentire in vacanza :) Il gestore ci ha accolto bene nonostante fossimo in 9 senza prenotazione. Servizio ottimo, suggerimenti da parte...Pi√π
4,7 gennaio 2020,Vedendo poche recensioni non volevo entrare, ma alla fine mi sono ricreduto subito. Staff gentilissimo, buon men√π e vario ...... ma sopratutto di buona qualit√† e anche quantit√†..... lo consiglio
5,4 gennaio 2020,Sono stato in questo locale con amici, staff molto gentile e qualit√† dei piatti molto alta. Anche le pizze son ben fatte. Consigliato.
5,1 gennaio 2020,Cibo buonissimo! Cameriere cordiale e simpatico. Locale pulito e da poco rinnovato. Ritorneremo sicuramente
4,1 gennaio 2020,Ristorante carino molto buona la qualit√† del cibo. Il servizio √® veloce e il personale gentilissimo. Il lato positivo √® che accettano i cani senza alcun problema
5,30 dicembre 2019,In un pomeriggio freddo pre capodanno ci siamo trovati in questo ristorante alle 14.30 del pomeriggio. Ci hanno accolto con simpatia e cordialit√†. Locale pulito ed accogliente con ottima vista mare. Responsabile di sala Francesco molto disponibile e professionale. Cibo gustoso preparato al momento e...Pi√π
5,19 dicembre 2019,Per la consueta cena aziendale natalizia, quest'anno abbiamo scelto di provare La Terrazza a Rivazzurra che ci sembrava pi√π ampio e tranquillo di altri nella zona: mai scelta fu pi√π azzeccata!!! Il senso di Ospitalit√† e pulizia si assapora sin dall'ingresso. Siamo rimasti tutti soddisfattissimi...Pi√π
5,18 dicembre 2019,Abbiamo cenato in questo splendido posto, completamente ristrutturato con cura e con attenzione anche ai minimi dettagli. L'accoglienza calorosa della proprietaria Cristina insieme a Simona e Francesco vi metteranno da subito a vostro agio e vi faranno sentire come a casa. Il cibo √® ottimo,...Pi√π
5,15 dicembre 2019,Scoperta casualmente una domenica a Rimini ho mangiato un ottimo piatto di tagliatelle che hanno lasciato il segno, il servizio √® stato veloce e i prezzi onesti, consiglio
5,13 dicembre 2019,Un bel posto con vista mare, ottimi piatti di pesce e servizio molto pronto, ci siamo trovati bene su tutti gli aspetti, non ultima la proverbiale simpatia romagnola !
5,11 dicembre 2019,Nuova gestione di un ristorante storico, ho mangiato degli ottimi piatti a base di pesce e speso il giusto, sono molto contento del servizio
5,15 settembre 2019,Ottimo servizio con un men√π fantastico e a buon prezzo! Abbiamo mangiato con un gruppo di 30 persone, e tutto ottimo!
1,14 settembre 2019,Pessimo il servizio, tra le altre cose tra una portata e l'altra non portavano via i piatti sporchi e pessime le portate. Un'esperienza da dimenticare.
5,4 settembre 2019,Posto davvero accogliente con personale disponibile e simpatico. Su sei giorni di vacanza siamo andati 5 sere a cena. Tutto ottimo, ho preso ben due volte il primo allo scoglio che viene servito nel tegame ed √® praticamente un primo e un secondo. Un altra...Pi√π
1,24 agosto 2019,Entriamo per la prima volta e nessuno sa dirci se possiamo sederci o meno. Una ragazza dietro il bancone del bar ci continua a guardare scocciata senza accoglierci.  Nonostante diversi tavoli liberi ci fanno attendere parecchi minuti prima di farci accomodare.  Al nostro, manca una...Pi√π
2,22 agosto 2019,Accoglienza e cordialit√† zero. Eravamo in tre, ordiniamo ad una signora che sembrava fosse responsabile/proprietaria... alla nostra richiesta di due grigliate di pesce (sul menu il prezzo indicato era 25‚Ç¨ minimo 2 persone)...la signora con fare decisamente sgarbato e al limite della maleducazione ci specifica...Pi√π
1,22 agosto 2019,Ho mangiato qua con la mia famiglia, devo dire che il cibo era abbastanza buono, ma un servizio cos√¨ pessimo non l'ho mai subito, e ovviamente non mi hanno nemmeno chiesto come fosse andata (probabilmente perch√© gi√† sapevano che era uno schifo o forse non...Pi√π
1,21 agosto 2019,Abbiamo mangiato qui e io mio fidanzato lui una semplice cotoletta con le patatine che per√≤ sapeva da sapone per piatti..io un impepata di cozze che non sapeva da niente, cozze pulite male e sul fondo acqua di cottura che sapeva da stagno e nessun...Pi√π
1,20 agosto 2019,Ieri sera siamo entrati nel ristorante pieni di buone aspettative in quanto il locale si presenta molto  bene ed √® carino. Purtroppo ci accorgiamo subito che il servizio ha delle pecche importanti tra cui la mancanza totale di attenzione al cliente e di coordinazione con...Pi√π
2,18 agosto 2019,Personale non organizzato a partire dall‚Äôaccoglienza (quasi inesistente). Tempi di attesa lunghissimi e poi i piatti arrivano insieme (primo e secondo), bevande arrivate dopo aver finito gli antipasti.  Nota positiva i piatti non sono male.  In generale non ci tornerei.
1,17 agosto 2019,Partendo dal fatto che la carta del men√π sono andato a prenderla da solo, se non chiamavamo il cameriere per le ordinazioni chiss√† quanto aspettavamo...Inoltre per quattro pizze abbiamo aspettato 50 minuti e poi sono arrivate 5 minuti dopo che √® stato avvisato tutto il...Pi√π
1,17 agosto 2019,1 ora di attesa per una pizza, prezzi spropositati, personale incompetente a partire dalla proprietaria ( 1 solo pizzaiolo per almeno 100/130 coperti) Dopo l‚Äôora di attesa arriva una ‚Äúbufalina‚Äù con della mozzarella che letteralmente galleggiava sul suo liquido assieme al pomodoro ormai diventato ‚Äúacquetta‚Äù...Pi√π
1,17 agosto 2019,Non trovo parole per definire questo locale, una vergogna per la categoria dei ristoratori, se si √® clienti dell‚Äôalbergo si √® considerati numeri e basta. Il buffet di verdure a centro tavola lo definirei abominevole.
3,16 agosto 2019,Cena tra coppie ad agosto 2019. Ottima e abbondante frittura di pesce, altrettanto buona ma porzione scarsa la carbonara di pesce. Tempistiche umane fino al secondo, poi bibliche ai dolci (40 minuti di attesa per dolci che erano a men√π).  Ci√≤ che ho percepito √®...Pi√π
1,11 agosto 2019,Ho ordinato paccheri in crema xi pistacchii sono arrivati col pesto pure insipidi poi ordino una fetta di anguria il cameriere dice no dovevo ordinare primaü§§ pessimo
3,11 agosto 2019,Servizio sotto pressione caotico, pietanze buone, punto  di forza √© la grande simpatia del signor Francesco
1,9 agosto 2019,Dopo l‚Äôordine arriva istantaneamente il conto. Il cameriere passa poi a vedere se dentro il libretto con lo scontrino ci sono i soldi. Io li per li non capisco poi mi spiegano che prima si paga  poi si mangia. Colpa, dicono i camerieri, dei gruppi...Pi√π
1,11 luglio 2019,associato per i pranzi con s√¨ rimini hotel ...lasciamo stare, trattati come clienti di serieB pranzo domenicale: spaghetti in bianco con tonno capottato sopra, un antipasto 3 pz di verdure ai ferri di ore e ore prima, un filetto di platessa ancora semi congelato ma...Pi√π
5,11 luglio 2019,Siamo entrati per caso ne siamo rimasti piacevolmente colpiti. Insalata Pollicino davvero squisita,mi aspettavo un piatto pi√π pieno d'insalata, ma comunque soddisfacente. Pollo di qualit√†, pancetta, davvero croccante e salsa al basilico molto buona.Si sente la genuinit√†.  La pizza bianca con patatine e w√ºrstel anche...Pi√π
5,10 luglio 2019,Il locale completamente ristrutturato √® diventato confortevole e accogliente. La nuova gestione √® molto professionale:il cameriere Maruf √® gentilissimo,competente e galante;Francesco √® tanto simpatico quanto efficiente,valido e capace. Tutto il personale √® stato molto accogliente,ci siamo sentiti in famiglia. Frequentiamo il ristorante dal 2013,la differenza...Pi√π
1,6 luglio 2019,Cena peggiore della mia vita antipasti primo e secondo sono arrivati tutti assieme!!! Da parte del personale non sono arrivate neanche le scuse ma finte giustificazioni. Assolutamente da evitare anche considerando che la cena √® costata 55 euro a persona.
5,5 luglio 2019,Siamo stati  ha mangiare in questo ristorante per circa 7 giorni sia a mezzogiorno che sera lo consiglio vivamente perch√© sono persone super simpatiche e professionali, sono stato 7 giorni con mio figlio che non mangia quasi niente( inappetente) loro erano sempre pronti a fare...Pi√π
2,2 luglio 2019,Antipasto scadente che sembra di 3 giorni prima. Parte del personale scontroso. Unica nota positiva:la pizza √® molto buona.
1,29 giugno 2019,Cambio gestione, cibo non buono, sia pesce che pizza  Personale non professionale  Non lo consiglio per niente
1,28 giugno 2019,Sono stata in questo ristorante con mio marito e mio figlio; un'esperienza da dimenticare!!!! La pizza per il bimbo √® arrivata subito mentre per le bevande e i  primi per noi adulti abbiamo dovuto sollecitare numerose volte la cameriera che scocciata rispondeva male. Insomma a...Pi√π
1,15 giugno 2019,a Rimini x il Week end. volevamo andare a trovare il simpaticissimo Leone ... vecchio proprietario... invece  cambiata gestione da poco... notiamo subito la scarsit√†  di gente  a confronto di altri ristoranti in zona, ci accomodiamo cmque... la mia compagna voleva la frutta, ma diceva...Pi√π
4,10 giugno 2019,Cena a fine serata. Sono rimasto sorpreso x la cordialit√† e disponibilit√† del servizio. Men√∫ classico e vario, pizze comprese. La qualit√† era pi√∫ che buona e le porzioni veramente generose. L'ambiente √© luminoso, pulito, semplice e spazioso. Inoltre √© proprio sul lungo marciapiede dove...Pi√π
5,10 giugno 2019,Non posso dire nulla per il ristorante perch√© non lo abbiamo provato ma penso di non aver mangiato mai una pizza cos√¨ buona!!! In pi√π i ragazzi della nuova gestione sono stati fin da subito molto carini e ci hanno fatto sentire a nostro agio....Pi√π
1,7 giugno 2019,Ieri sera siamo andati a cenare in questo ristorante . Pensavamo di cenare in un buon ristorante in centro ma invece √™ stata un esperienza a dir poco pessima e siamo stati pure male .  Abbiamo ordinato come antipasto 4 ostriche e ce le hanno...Pi√π
1,2 giugno 2019,Siamo entrati che era quasi vuoto, dopo aver ordinato ci siamo ritrovati con la cameriera che girava per i tavoli con le nostre bibite perch√© non aveva idea di dove si trovasse il tavolo e da li in poi √® iniziato un calvario. Abbiamo atteso...Pi√π
2,2 giugno 2019,La serata √® iniziata in maniera particolare. Sei tavoli vuoti e tanta gente fuori ad attendere. Al di l√† di questo, ci fanno accomodare; al momento di ordinare, chiesta una pizza "Gorno e" (presente nel men√π), la cameriera mi ride in faccia chiedendo quale pizza...Pi√π
2,15 ottobre 2018,Siamo stati a pranzo in questo locale abbiamo ordinato dei menu a prezzo fisso a base di pesce comprendente antipasto e un primo a scelta. Devo dire che tutti i primi erano molto saporiti forse salati al limite del mangiabile. Personale e proprietario gentile  Da...Pi√π
1,12 ottobre 2018,Sono stata a cena in questo ristorante durante la Fiera del Turismo e sicuramente lo staff non era pronto a gestire tanti clienti. Quindi non commento il fatto che le tagliatelle siano arrivate dopo 1 ora e 30 minuti, serio. Per√≤ il fatto che il...Pi√π
4,7 ottobre 2018,Abbiamo mangiato molto bene! Piatti gustosi, freschi e ben presentabili!!! Personale molto gentile e professionale! Torneremo sicuramente!!! Ottimo!!!
4,18 settembre 2018,Sono stato a cena in questo ristorante con la mia ragazza in una sera di agosto. Staff accogliente e cordiale , molto alla mano e disponibile. Piatti molto buoni e di qualit√† . Spesa giusta , soddisfatto. Ritorneremo assolutamente
4,18 settembre 2018,da buon napoletano tale ristorante lo consiglio a tutti..personale gentile e buon cibo..difronte alla strada principale di Rimini,fronte mare
5,5 settembre 2018,Bella l'atmosfera, posto molto pulito, pizza con amici; buonissima ingredienti freschi, pizzaiolo fantastico e prezzi giusti.
3,5 settembre 2018,Il servizio √® stato cortese e rapido nel servirci, nonostante il locale fosse pieno. Ci soono piaciuti i tagliolini allo scoglio e l'antipasto di mare. Ci hanno applicato anche lo sconto del 10% perch√® in convenzione con il nostro alberto: l'hotel Stresa. L'unica pecca √®...Pi√π
1,30 agosto 2018,Cenato la prima sera e gi√† non era il massimo, gli abbiamo dato una seconda possibilit√† ed √® stato pessimo... attesa per sedersi e per ordinare assurda visto che il locale non era pieno ... ordinate due pizze ... una delle due immangiabile ... pomodoro...Pi√π
1,26 agosto 2018,Siamo stati ospiti in hotel palm Beach tutto ottimo tranne una cena fatta qui..... orrenda √®.dir poco  piatti insipidi acqua in brocca non imbottigliata orrendo faceva caldo  non lo consiglio anzi consiglio non avvicinarsi proprio
1,20 agosto 2018,Il ristorante si presenta affollato, i prezzi sono nella norma ma le quantit√† davvero piccole... Non parliamo del sapore.. io ho preso gnocchetti con zucchine e gamberi ma era pi√π una brodaglia di zucchine tritate con pochissimi gamberetti e in pi√π aveva sapore di carciofo.....Pi√π
3,7 agosto 2018,Ristorante semplice e genuino senza troppe pretese. Buona e con ingredienti freschi la tagliatella alla bolognese e anche la pizza.
5,5 agosto 2018,Ho conosciuto questo ristorante tramite i coupon dell‚Äôhotel per la pensione completa, da quel momento se non ho il ristorante in albergo pranzo o ceno soli li! Ottimo cibo, ottimi camerieri, ottima pizza e per finire....ottimo pane fatto da loro!!! Provare per credere √® tutto...Pi√π
4,26 luglio 2018,Pranzo in famiglia a men√π fisso a base di pesce. L'antipasto misto √® piuttosto buono mentre i tagliolini allo scoglio sono ottimi
3,24 luglio 2018,Ciao a tutti! Ho provato questo locale di recente, per provare qualcosa di nuovo perch√© vengo spesso a Rimini ma vado spesso nei soliti locali gi√† selezionati.. Ho approfittato di un pacchettino men√π completo di pesce che prevedeva un antipasto misto, drink di benvenuto, fornarina,...Pi√π
5,20 luglio 2018,Ho cenato in questo ristorante ieri sera. Ho preso una pizza diavola. La pizza era molto buona. I camerieri erano molto gentili. Il ristorante ha anche specialit√† di pesce e porzioni molto abbondanti.
2,16 luglio 2018,Sono stato a cena con la mia famiglia in questo ristorante , camerieri gentili e premurosi, le lasagne che ha preso mio figlio buone, il pesce, antipasti discreti i primi piatti da dimenticare , non parliamo del costo, molto  caro essendo pesce a mio parere...Pi√π
3,15 luglio 2018,ho canto con la mia famiglia in questo ristorante tramite un coupon acquistato che comprendeva un antipasto freddo diviso 2,abbastanza discreto,poi una carbonara di mare davvero abbondante ma soprattutto troppo pesante,era troppo piena di uovo e zafferano.consiglio di diminuire le dosi di uova e zafferano...Pi√π
5,8 luglio 2018,Non √® la prima volta che mi capita di degustare le prelibatezze di questo bellissimo ristorante situato sul lungomare di Rimini...ma √® la prima volta che recensisco; che dire Signori: ve lo straconsiglio...i piatti sono un esplosione di sapori,il proprietario Leo un grande professionista dotato...Pi√π
4,2 luglio 2018,Locale ampio,  luminoso leggermente sollevato dal piano terra. Personale molto gentile e pronto a dare consigli (un apprezzamento a Maria) nonostante il sovraffollamento.. Molto buone le pizze, corpose le insalatone. I prezzi sono in linea con gli altri locali.
5,24 giugno 2018,Ci siam trovati benissimo. Ambiente, cortesia e disponibilit√† dello staff. Cibo buono con porzioni generose.
2,22 giugno 2018,A chi piace mangiare bene..da evitare accuratamente.... materia prima scadente.... sul fronte pesce e frutti di mare, non ci siamo
4,20 giugno 2018,Pizza molto buona bel locale servizio cordiale ed efficiente. Una splendida terrazza noi abbiamo mangiato pizza ma erano molto invitanti anche i piatti di pesce.
1,19 giugno 2018,Il pesce era vecchio come me,il personale odioso,lo sconsiglio caldamente il locale lascia molto a desiderare,ma almeno si mangiasse bene.......
4,9 giugno 2018,Ho cenato in questo locale con un gruppo di amici, incuriosito anche dall'atmosfera che notavo passandoci davanti, e devo dire che sono rimasto ancora pi√π piacevolmente colpito, aldil√† della "Location" decisamente piacevole con vista sul lungomare/passeggiata di Rivazzurra, tutto il personale decisamente MOLTO Cordiale ed...Pi√π
5,3 giugno 2018,Complimenti al gestore per la gentilezza e accoglienza anche se in tarda serata. Tutto buonissimo: carbonara di pesce, cozze e frittura mista. Superlativa la liquirizia fatta in casa! Consigliatissimo!!!
5,31 maggio 2018,Dopo aver cenato due volte in pochi giorni posso recensire molto positivamente questo locale. Accoglienza ottima (con sorriso) e sistemazione molto comoda. Ho provato un primo (pasta fatta da loro alla norcina) e la pizza, entrambi ottimi. Il servizio √® molto veloce e attento, √®...Pi√π
2,28 maggio 2018,Abbiamo cenato in questo "ristorante" dopo essere stati consigliati dalla reception dell'hotel dove soggiornavamo ma abbiamo fatto male a fidarci! Risultato: -Men√π dettato a voce dalla cameriera; -Poca scelta; -Piatti miseri; -Pietanze preparate probabilmente con largo anticipo; -Un insalata con pomodori la definiscono secondo piatto...Pi√π
4,26 maggio 2018,abbiamo pranzato in questo ristorante grazie ad un coupon e ci siamo trovati bene. la cucina √® buona ma soprattutto abbiamo apprezzato la freschezza del pesce. il locale √® accogliente ed il personale bravo e competente il padrone molto alla mano ed interessato alla soddisfazione...Pi√π
2,25 maggio 2018,Un primo impatto non male ,men√π attraente,gentilezza e sorriso nell‚Äôaccogliere la mia famiglia (io mia moglie una bimba di tre anni e una di sei mesi con carrozzina), fornito persino un seggiolino senza dover chiedere. Ora ... io ordino uno scoglio, mia moglie una tagliata...Pi√π
5,19 maggio 2018,Abbiamo pranzato con una bellissima vista mare. Abbiamo preso un menu Giotto di mare  (antipasto ricco, 1 primo a scelta e 1 dessert 19.90‚Ç¨) e le crudit√® di pesce veramente molto buone. Prezzo nella norma considerato ci√≤ che abbiamo scelto. Un saluto al proprietario vicentino...Pi√π
5,17 maggio 2018,L'hotel dove abbiamo pernottato ci ha consigliato di mangiare in questo ristorante e nonostante il primo giorno siamo arrivati molto tardi, siamo stati accolti con enorme gentilezza ed ospitalit√†. Il cibo √® ottimo e di altissima qualit√† perch√© il proprietario, persona squisita e molto affabile,...Pi√π
2,12 maggio 2018,Sar√† perch√® avevamo un coupon di Tippest, che il tutto era mirato al risparmio e qualit√† scadente. Dopo un antipasto accettabile ma con fetta di pane bruciacchiato, ci veniva servita questa "carbonara di mare" praticamente una colata di uova, cozze, un gamberetto e spaghetti quadrati....Pi√π
5,12 maggio 2018,Per chi va a Rimini, almeno una volta deve provare questo locale, il top di gentilezza e cura del cliente da parte dello Staff, cibo veramente ottimo. Noi abbiamo preso 2 pizze e una cotoletta alla milanese di pollo con patatine per mio figlio, un...Pi√π
3,2 maggio 2018,Ottima la posizione Personale cortese Qualit√† del cibo classica per una clientela formata da turisti. Rapporto qualit√† prezzo non adeguata ma forse non tutte le giornate e le pietanze vengono sempre uguali.
4,1 maggio 2018,Siamo stati sia a pranzo che a cena, ed entrambe le volte a base di pesce. Il cibo √® buono, fresco e cucinato bene. Nel complesso siamo stati bene, anche se i prezzi non sono proprio a buon mercato (cosa che abbiamo cmq notato anche...Pi√π
2,1 aprile 2018,Vai al mare per mangiare del buon pesce fresco.. in questo ristorante non e‚Äô stato proprio cos√¨. Posizione ottima sul lungomare.. ambiente pesante... troppi tavoli attaccati.. cameriere non professionali anche se gentili. Ordinazione: 2 tonno in crosta con  patate al forno.. + mezzo di vino...Pi√π
1,20 gennaio 2018,Dopo un'ora di attesa ci dicono che hanno perso la comanda in cucina. La cosa interessante √® che in alcuni tavoli vicino al nostro le cameriere continuano a consegnare piatti che i clienti rimandano indietro, indicandoli come non ordinati. Ripieghiamo su due pizze al piatto....Pi√π
1,20 gennaio 2018,Una stella perch√© meno non ne posso mettere. Totale mancanza di organizzazione. Personale incompetente e assolutamente impreparato a gestire tanti coperti tutti insieme. Un'ora di attesa dal momento della comanda presa su un foglietto e alla richiesta di spiegazioni per la tanta attesa la risposta...Pi√π
2,20 gennaio 2018,Il ristorante √® posizionato molto bene, facile da raggiungere, cibo buono....MA..molto, molto, molto  lenti per portare le pietanze(attesa 30 minuti circa),  la frittura di pesce con le carote (mai visto!). Personale disorganizzato.   Il prezzo... per come ho mangiato..troppo alto!!!
3,9 novembre 2017,Sono capitata una sera in questo ristorante per caso e ho mangiato bene. Ho trovato particolarmente buoni gli strozzapreti salsiccia e sangiovese, meno buono il dolce, una crema catalana che secondo me era vecchiotta. Comunque √® stata una cena piacevole, il locale √® bellino e...Pi√π
4,25 ottobre 2017,Pranzo la scorsa Domenica alla Terrazza di Rivazzurra con un coupon Groupon che prevedeva un completo di pesce. Il locale √® carino, con una bella vista sulla spiaggia,.essendo al piano rialzato di un edificio sul lungomare. Servizio rapido e gentile, cucina di pesce allineata alla...Pi√π
2,24 ottobre 2017,Siamo stati in questo ristorante tra Riccione e Rimini sul lungomare. Sembra essere particolarmente turistico, soprattutto vista la qualit√† degli alimenti. Tagliolini (scotti) alla carbonara con aggiunta di PANNA. Grigliata di pesce surgelata ed ancora gelata all'interno. Il fritto di pesce era passabile, il vino...Pi√π
4,3 ottobre 2017,Locale grande e con vetrate sulla spiaggia di  Rivazzurra, non molto rumoroso,c'√® spazio  tra i tavoli e c'√® parcheggio per la macchina nella strada  sottostante (fuori stagione) Pranzo acquistato su Groupon, entree con aperitivo e fornarina, antipasto freddo di pesce,carbonara di pesce e misto di...Pi√π
4,25 settembre 2017,Ero gi√† stato x pizza e devo ammettere k la cena di pesce merita un buon voto. Personale cortese e disponibile. Consiglio vivamente.
4,25 settembre 2017,Sono venuto in questo locale per la terza volta a consumare, per la prima volta, un men√π di pesce. Il pesce era buono e abbondante e lo staff cordiale e disponibile.
1,24 settembre 2017,Elenco cena completa per 2 : 2 drink di benvenuto con 2 quadrettini di frittata 2 anelli di patata fritta e 2 quadrettini di fornarina ghiaccia, antipasto di salmone polpo gamberi con retrogusto di ammoniaca piu 2 sardoncini fritti in guscio di capesanta. Primo di...Pi√π
2,23 settembre 2017,LOCATION: 2 Locale simile ad una taverna. Un misto tra pescheria e ristorante che vuole sembrare di lusso.  Arredamento del ristorante non gradevole.  SERVIZIO: 3 Cameriere gentili e simpatiche, straniere, sanno l'italiano e riescono a presentare bene i piatti.  Nota stonata: hanno servito il vino...Pi√π
1,31 agosto 2017,Siamo stati in questo ristorante perch√© alla vista il menu era proprio invitante ma siamo rimasti veramente delusi! Unica nota positiva le tagliatelle alla bolognese del bambino!Antipasti di pesce freddi privi di gusto,polipo gommoso; un primo all'astice senza sapore,davvero deludente! Il personale √® stato gentile...Pi√π
4,30 agosto 2017,Attento gentile e molto professionale il titolare lo staff sempre garbati e sorridenti. Ottima pizze e primi. Antipasti potrebbero essere pi√π  originali. I posti in panca un po stretti. La terrazza divina. Bravi
3,26 agosto 2017,Abbiamo cenato 2 volte in questo locale. La prima volta avrebbe meritato 4 pallini la seconda volta 2 o meno... Alla fine ci√≤ che rimane √® di un ristorante pizzeria di medio livello, dove il personale non italiano probabilmente ha bisogno di pi√π tempo per...Pi√π
1,23 agosto 2017,Locale non male...poi...da dimenticare. Antipasto di mare senza gusto, polpo vecchio, gamberi senza un perch√©. Fritto decente, patate al forno semplicemente scandalose. Cameriere tendente all'antipatico. Conto salato rispetto alle portate. Non mi dilungo. C'√® molto di meglio a pochi metri.
1,21 agosto 2017,Purtroppo non posso confermare la recensione dello scorso anno. Ho appositamente portato dei miei amici di fuori in questo posto dove gi√† ero stato 4/5 volte. Tutti insoddisfatti. - 6 persone, ordinati due bottiglie di vino fermo bianco e ci hanno portato: 3 bicchieri da...Pi√π
3,19 agosto 2017,Tempi di attesa infiniti La fortuna √®  stato avere un tavolo all'aperto, perch√© all'interno si presenta molto caldo e i ventilatori non bastano decisamente. Abbiamo mangiato una buona carbonara di pesce e gli spiedini di calamari e gamberi, forse troppo costosi per la quantit√† di...Pi√π
2,19 agosto 2017,Siamo stati in questo ristorante il 14 di agosto. Non avevamo prenotato e abbiamo dovuto aspettare un pochino, ma questo ce lo aspettavamo! Solo che si svuotavano tavoli ma continuavano a non farci sedere, e gi√† qui non ci convinceva l'organizzazione. Finalmente ci sediamo, ordiniamo...Pi√π
2,18 agosto 2017,Abbiamo ordinato 2 porzioni di tortellini in brodo per i bimbi, una carbonara di pesce e una pizza. Dopo 40 minuti sono arrivati i tortellini e la carbonara. I tortellini erano salatissimi e il brodo era fatto con il dado e probabilmente con il glutammato....Pi√π
3,18 agosto 2017,Personale gentile.. Cibo normale, nulla di speciale. Purtroppo abbiamo riscontrato un problema da parte loro all arrivo della mia pizza, abbiamo chiamato la cameriera da parte, senza farci sentire dagli altri commensali e abbiamo fatto presente di un loro sbaglio,o svista.. Pensavamo che lo riportasse...Pi√π
1,18 agosto 2017,Non ho parole... qualit√† pessima, non c'√® comunicazione tra sala e cucina, le porzioni sono minime e mentre cerchi di assaporare il cibo si sente un forte sapore di dado. Il proprietario un signore con gli occhiali prima di decidere il posto dove devi sederti...Pi√π
4,15 agosto 2017,qualita' del cibo direi molto buona servizio gentile e veloce e sicuramente un ottima accoglienza.Tavoli a debita distanza ottima musica in sottofondo e un ottima vista sul lungomare.Io lo consiglierei senza alcun dubbio.Unico difetto forse prezzi un pochino eccessivi
5,15 agosto 2017,Pranzo di ferragosto accoglienza ottima e cibo davvero ottimo e di alta qualit√†.... antipasto freddo cozze alla tarantina carbonara di pesce padellata di crostacei gratinati... tutto accompagnato da un buon Franciacorta... Servizio buone bellissima la vista mare....
1,12 agosto 2017,Locale carino,  porzioni direi scarsissima e rapporto qualit√† prezzo pessimo! Pizza gommosa e fritto misto pagato 15 euro improponibile; arrivati ci hanno portato un piatto sporco e per ben otto persone solo 4 fette di pane! Posto ingannevole!nota positiva una cameriera gentile che ci ha...Pi√π
1,11 agosto 2017,Il problema √® che ho pagato una pizza senza glutine surgelata della Buitoni con una decina di frutti di mare 14,90 ‚Ç¨ oscena salvata solo dalla bont√† dei frutti di mare. Totale cena con un altra pizza e uno spaghetto al salmone 77 ‚Ç¨ .....Pi√π
4,9 agosto 2017,Siamo stati in questo ristorante io e il mio fidanzato a pranzo e a cena per una settimana,avendo la convenzione con un Hotel accanto. √à stata una settimana decisamente piacevole,il proprietario una persona davvero squisita e il personale cordiale e gentile sempre,anche nei momenti di...Pi√π
5,8 agosto 2017,I piatti sono ben cucinati. La qualit√† degli ingredienti √© ottima qualit√†.  Il servizio si tavoli gradevole sempre con un sorriso.  Il ristorante √® convenzionato con l hotel Palm Beach.  Ho avuto modo di mangiare sia come turista occasionale che come cliente dell hotel. Il...Pi√π
5,8 agosto 2017,Bellissimo ristorante e ottima cucina proposta ogni giorno. I piatti sono veramente eccellenti. Faccio i miei complimenti allo chef e alla cameriera chiara  che √® sempre molto simpatica
1,25 luglio 2017,Premetto che sono/siamo della zona, quindi abitiamo a Rimini. Abbiamo ordinato due strozzapreti al rag√π che solo all'odore ti passava la fame! L'abbiamo assaggiati e il rag√π non sembrava fresco per niente, anzi acido √® dir poco. Abbiamo avvisato gentilmente e a BASSA VOCE il...Pi√π
4,22 luglio 2017,Una piacevole sorpresa...sa segnalare dei tagliolini allo scoglio da 10 e lode. Il resto nella media. Schiacciatina al posto del pane davvero ottima.  Servizio ottimo.  Rapporto qualita'/prezzo ok. Insomma consigliato.
1,21 luglio 2017,Purtroppo devo esprimere il mio disappunto su una respinta prenotazione con un coupon di groupon. Ho chiamato per prenotare una cena (tra l'altro  come ben sappiamo, pagata anticipatamente) e il proprietario, in modo anche poco professionale e poco simpatico, mi ha detto che NON ACCETTAVA...Pi√π
5,20 luglio 2017,Mangiato pranzo e cena per una settimana. Consigliatissimo. Personale cortese e cibo ottimo! Ottimo il pesce.
4,19 luglio 2017,In questo ristorante ci sono stato due volte in una settimana. La prima volta il servizio √® stato velocissimo, piatti ottimi e cameriere gentile. La seconda volta probabilmente c'era qualche problema tra i camerieri o in cucina. Infatti pur essendoci pi√π o meno lo stesso...Pi√π
4,15 luglio 2017,Locale carino situato a rivazzurra di rimini sul lungomare vicino al nostro residence e consigliatoci dalla receptionist della nostra struttura... Che dire, la cena e soprattutto il servizio sono stati decisamente buoni... Abbiamo mangiato tutti pesce e tranne un piatto che non √® piaciuto molto...Pi√π
5,12 luglio 2017,un bel locale situato sul lungomare di rimini...il servizio super veloce ed eccellente sia la pizza che gli spaghetti alla carbonara...ci rivedremo di sicuro
5,9 luglio 2017,Ottimo ristorante, situato nel lungomare di Rimini localit√† Rivazzurra, con terrazza vista mare. Buone le proposte di carne e pesce, ho optato per un piatto di carne con patate al forno e verdura grigliata, la mia ragazza invece ha preso un piatto di lasagna: tutto...Pi√π
3,9 luglio 2017,Pizzata con amici, ci siamo capitati solo di passaggio, la location √® carina, peccato per il servizio lento , peccato anche che abbiano sbagliato a fare la pizza alla mia ragazza. Ma pu√≥ capitare, anche se non dovrebbe. Prezzo abbordabile.
1,7 luglio 2017,Seconda volta in questo ristorante a distanza di due anni... per√≤ stesso problema! Com'√® possibile che le comande dello stesso tavolo arrivino con 15 minuti di distanza l'una dalle altre? In pi√π, appena imbocchi l'ultima forchettata i camerieri sono gi√† pronti a portarti via il...Pi√π
5,6 luglio 2017,Il ristorante ha una location suggestiva con terrazza vista mare. Il cameriere √® davvero gentile e cordiale, servizio veloce e preciso. Abbiamo preso una tartare di tonno al Mojito (deliziosa) e dei paccheri con astice (davvero ben fatti). Nota positiva anche per il titolare davvero...Pi√π
5,6 luglio 2017,Accoglienza fantastica, personale gentile e cordiale, soprattutto Alessandro. Premetto che abbiamo usufruito di un Groupon e a differenza di altri, che hanno recensito in negativo, noi siamo stati trattati benissimo. Dallo spritz di benvenuto alle porzioni delle portate, senza dimenticare la qualit√†. La location parla...Pi√π
3,5 luglio 2017,Prima sera a Rivazzurra ci imbattiamo in questo locale. Curiosando e sentendo un buon profumo abbiamo deciso di cenare qui. Premetto che il ristorante era quasi pieno, avrei capito l ora di attesa per questo motivo ma, quando vedo che gente arrivata 20 min dopo...Pi√π
5,4 luglio 2017,Siamo rimasti estremamente sorpresi della qualita e dall'abbondanza dei piatti che ci hanno servito nonostante avessimo un buono groupon. Servizio rapido e cordiale lo consiglio vivamente a tutti gli amici che vorranno provare questo ristorante.
2,1 luglio 2017,Chi ha il groupon e viene servito dal figlio del titolare (presumo), rimarr√† amaramente deluso. Questo soggetto, infatti, tender√† a rifilarvi il minimo possibile, perch√© il guadagno √® misero con voi, pertanto con altrattanta misera professionalit√† verrete trattati.  Un sentito grazie ad Alessandro, cameriere che...Pi√π
3,30 giugno 2017,Personale un po' distratto ma cortese. Forse un tantino caro per la qualit√† offerta. Mediamente soddisfatti.
4,27 giugno 2017,Abbiamo mangiato bene e abbondantemente. L antipasto della terrazza √® ottimo e lo consiglio.. staff molto gentile ed educato. Nessuna pecca! Abbiamo tribolato un po solo con il parcheggio
4,23 giugno 2017,Accogliente, cibo molto buono, servizio veloce e tanta cortesia, prezzo buono. Da consigliare sicuramente.
4,22 giugno 2017,Abbiamo passato una splendida serata , con ottimo cibo , servizio impeccabile ed anche il conto equilibrato alla qualit√† e quantit√† di cibo üòä. Lo consiglio vivamente
3,21 giugno 2017,Pur essendo una serata caotica( Rimini Welness e finale di non so quale partita della Juventus )sono stati molto gentili e bravi a gestire anche qualche piccola incomprensione nelle ordinazioni. La pizza comunque davvero buona e il servizio molto cordiale
4,19 giugno 2017,Abbiamo provato questo ristorante dopo aver letto le varie recensioni. Ci siamo trovati benissimo ed hanno accontentato ogni nostra richiesta. Molto educati.  Abbiamo preso un antipasto, un primo e chi un secondo. Una bottiglia di vino e l'acqua. Abbiamo pagato circa 30 euro a testa...Pi√π
5,19 giugno 2017,Esperienza fantastica , anzi sublime per il palato . Capesante con uova di quaglia il top!! Dolci spettacolari , pesce freschissimo e servizio eccellente . Simpatia del proprietario leone e tempi ovviamente consoni al fatto che √® tutto fatto al momento . La mia esperienza...Pi√π
5,19 giugno 2017,Personale molto preparato e gentile e vi fanno gustare il cibo anche primo di mangiarlo grazie ad una eccellente spiegazione della preparazione del piatto. Molto gustoso il cibo
5,18 giugno 2017,Accoglienza cordiale e disponibile,cucina ottima ,pesce fresco, vasto men√π di pesce,piatti abbondanti con ottima presentazione! Il cameriere ha presentato il men√π dicendo che personalmente si prendeva cura di noi. Consigliatissimo ci torneremo sicuramente √® solo da fare bella figura. Il titolare Leone √® spettacolare!
5,18 giugno 2017,Siamo venuti a cenare in questo ristorante durante le nostre vacanze..con groupon abbiamo mangiato con una quarantina di euro dall'aperitivo al caff√®.. (spritz, misto di pesce come antipasto, una buonissima carbonara di pesce, un'abbondante frittura mista e due spiedini sempre di pesce, oltre dolce e...Pi√π
2,16 giugno 2017,La fortuna di questo ristorante √® quella di trovarsi vicinissimo allo Zodiaco, un ristorante dove si mangia bene e si spende il giusto: infatti molti clienti qui non riescono a trovare posto e, ahim√®, si tuffano in questo ristorante!. Pesce semicrudo, senza condimento e frittura...Pi√π
4,10 giugno 2017,Serata bellissima con la mia ragazza. La location √® molto suggestiva poich√© √® sempre romantico cenare su una terrazza che affaccia sul mare. Nonostante avessimo prenotato un Groupon per la cena siamo stati trattati alla pari degli altri commensali, anzi siamo stati accolti con estrema...Pi√π
4,9 giugno 2017,Siamo stati a cena ieri sera con amici (cinque coppie) tutti con un buono. Il cibo proposto √® stato ottimo (molto graditi i gnocchi), il servizio √® stato rapido ed il personale molto cortese.  Per tutti una piacevole serata.  Lo consigliamo sicuramente!
4,9 giugno 2017,Cenetta di pesce molto soddisfacente e complimenti ad Alessandro e Maria x la loro professionalit√†, simpatia e cortesia. Torneremo sicuramente.
5,8 giugno 2017,Posto bellissimo con vista sulla spiaggia, cibo ottimo, c'era anche il cuoco che faceva la pasta fresca in bella vista nella sala, e poi il personale eccellente. Il proprietario una brava persona, sempre presente. Un posto che ne vale la pena andarci.
4,8 giugno 2017,Inizio la recensione facendo un plauso al cuoco,ho chiamato ieri pomeriggio per sapere se facevano la paella e mi ha risposto che non la facevano pi√π tranne che per gruppi o serate particolari,ma che avrebbe fatto un eccezione e cos√¨ √® stato. Siamo andati in...Pi√π
5,5 giugno 2017,Veniamo mio spesso nel litorale romagnolo e abbiamo deciso di pranzare in questo fantastico ristorante dove il buon cibo e l'accoglienza fanno da patrona. Insieme ad una coppia di amici siamo stati benissimo e alla fine del nostro pranzo abbiamo conosciuto il proprietario Leone e...Pi√π
5,4 giugno 2017,Siamo stati a pranzo (due coppie) con coupon. Ci hanno sistemato in un buon tavolo proprio sull'ampia vetrata che d√† sul mare. Cibo buono servizio cortese e rapido. Il rapporto qualit√† prezzo merita le 5 stelle. Cilegina il proprietario Leone (di Bassano del Grappa) simpatico...Pi√π
1,4 giugno 2017,Siamo andati in questo ristorante convinti di mangiare bene invece siamo andati in questo ristorante e abbiamo avuto problemi fin dall'inizio. Il locale non era condizionato quindi dopo un po' potete immaginare che profumino!!!! Abbiamo ordinato e abbiamo ricevuto tutt'altro! I primi sono stati discreti...Pi√π
2,3 giugno 2017,Niente di trascendentale. Locale normale convenzionato con alberghi...... prendo del tonno scottato alle verdure e mi arriva un tonno semicrudo non di eccelsa cottura..... mia moglie un guazzetto ...... arriva una pentolaccia piena zeppa di crostacei ma vuota di sapori....... ecco ho finito......
2,29 maggio 2017,Siamo stati un sabato sera verso le 2130. Il locale era pieno. Siamo entrati ed abbiamo chiesto se c'era un posto per due persone. Il cameriere gentile ci ha proposto un tavolo grande apparecchiato per 6 persone. A quel punto ho proposto di aspettare lasciando...Pi√π
3,26 maggio 2017,Posto Tranquillo, servizio da rivedere come cura del cliente e rapidit√† del servizio. Pietanze senza infamia e senza lode. Sicuramente c'√® di meglio in giro ma sicuramente anche di peggio.
1,24 maggio 2017,Posto orribile, pesce vecchio come me √® cotto male, servizio di pessima qualit√†,da non tornare mai piuPi√π
5,18 maggio 2017,Mangiato molto bene e complimenti per la simpatia di tutto lo staff in particolare il proprietario che ha offerto molti amari
3,16 maggio 2017,Locale a Rivazzurra(Rimini), piacevole. Particolare entr√©e , con pane fatto da loro caldo, buona cremina. Antipasto di mare misto= Nella media , alici eranno un p√≤ mollicce. Primo , Carbonara di pesce, non male ne ho assagiate parecchie , una √® irranguingibile ad oggi, questa...Pi√π
5,7 maggio 2017,Dopo una pessima esperienza nel ristorante adiacente da cui siamo stati malamente cacciati perch√© avevamo un cagnolino scopriamo la Terrazza, l' accoglienza √© stata ottima massima la cortesia alta l'attenzione nei riguardi di tutti quattro zampe compresi. Tutto quanto ordinato √® stato ottimo, ci siamo...Pi√π
5,7 maggio 2017,Per pura coincidenza siamo "approdati" in questo ristorante dopo aver prenotato in altro locale e Nn essere stati ammessi per via del cane...il proprietario della terrazza ci ha accolti con gentilezza e signorilit√†, ci ha riservato un posto dove anche il cane √® stato comodamente...Pi√π
5,6 maggio 2017,sono stato con un coupon di groupon,qualit√† ottima e porzioni adeguate al prezzo bucatini alla carbonara di pesce specialit√† del posto consiglio per pesce di qualit√† ad un buon prezzo
3,6 maggio 2017,Siamo andati con un coupon per due. Giusto rapporto qualit√† prezzo. Da segnalare che avevamo al seguito due bimbe a cui gentilmente √® stato offerto loro coperto e servizio. Staff disponibile e simpatico.
3,5 maggio 2017,Siamo approdati sul tardi un sabato sera e abbiamo mangiato un antipasto misto , pizza e dolce. A parte il fatto che ci hanno portato le pizze ancora prima di finire l'antipasto e una ragazza voleva sfilarci i piatti, l'antipasto in se stesso non √®...Pi√π
1,30 aprile 2017,Cena con coupon di Groupon che prevedeva la scelta tra due pietanze sia per il primo piatto che per il secondo:scelta che non ci √® stata possibile fare perch√© nessuno ci ha chiesto nulla e ci sono arrivati i piatti(il primo immangiabile poich√© al posto...Pi√π
1,28 aprile 2017,Antipasto ; moscardini su polenta , arrivato invece polenta collosa con qualche moscardini che galleggiava dentro. Cozze;: cosi pessime che il guscio si frantumava nelle mani , il frutto era completamente disidratato e sporco  . Forse non sanno che possono essere letali . A questo...Pi√π
1,18 aprile 2017,Non sono rimasto per nulla contento della qualit√† del cibo che propone questo locale. Non torner√≤ mai pi√π
5,17 aprile 2017,Ristorante per ogni tipo di portafoglio. Dal pesce alla pizza si presenta molto invitante e non siamo di certo rimasti delusi dal posto. Torneremo sicuramente
5,15 aprile 2017,Passeggiando abbiamo visto il ristorante con una bella vetrata e gente che pranzava. Proviamo !! Azzeccata la scelta.. antipasti di pesce , pasta allo scoglio per me e spiedini di pesce per mia moglie, dolce ..... veramente tutto buono! Ottimo
5,19 marzo 2017,Ristorante con arredamento simpatico ed azzeccato alle persone. Staff cortese e simpatico Hanno esaudito le richieste di senza glutine con la massima professionalit√† e velocit√† , cibo fresco e gustosissimo , lo consiglio a tutti Titolare gentile ,simpatico e pronto ad ogni nostra richiesta alimentare...Pi√π
5,27 febbraio 2017,Lo staff √® preparato e cerca di farti sentire in famiglia, il clima √® ottimo, il cibo anche e il panorama fantastico ed infine Amaro offerto e fatto in casa, una delizia. Provate la carbonara di pesce. Non so le persone che hanno fatto una...Pi√π
1,27 febbraio 2017,Sono stato in questo ristorante per il pranzo il giorno sabato 18 aprile e il locale  riapriva proprio quel giorno dopo il periodo di chiusura. Ho ordinato vino alla spina fermo (non so se per il tipo di vino o per un errato lavaggio dei...Pi√π
5,26 febbraio 2017,Siamo stati in questo ristorante molto carino per un pranzo domenicale con un coupon. Tutto rispettato nel minimo dettaglio. Odori e sapori fantastici...la cortesia e la gentilezza del personale ha reso questa giornata piacevole, come a Casa. Offerto dal proprietario (simpaticissimo) anche amaro della casa....Pi√π
1,18 febbraio 2017,vivo a Rimini e per la prima volta mi sono trovata a mangiare in questo ristorante e sar√† l ultima. primo intoppo:un insetto sulla fornarina, lo abbiamo fatto notare al cameriere che, mortificato e incredulo, ce ne ha portata un' altra (che non abbiamo mangiato...Pi√π
1,18 febbraio 2017,Sono stata a mangiare in questo locale con il mio ragazzo, purtroppo siamo capitati nel giorno dell'apertura. La qualit√† √® bassissima, abbiamo mangiato pizze ai frutti di mare il cui impasto era sottile, secco e farinoso. Il vino sapeva di detersivo e i dolci altrettanto...Pi√π
3,24 gennaio 2017,Locale "in vetrina", ambiente semplice con qualche spiffero di troppo che raffredda la grande sala. Servizio simpatico e gentile ma un tantino confusionario. Cibo nella media, gradevoli le portate di pesce; gustosa la pizza.  Corretta l'attesa nonostante il pienone del sabato sera. Conto adeguato, digestivo...Pi√π
1,22 gennaio 2017,Siamo stati in questo locale sabato 21 gennaio in occasione della fiera del sigep. Arriviamo alle 22 e 30 circa troviamo posto dopo pi√π di 20 min d attesa perch√© i camerieri avevano difficolt√† ad apparecchiare... Assistiamo non appena seduti a scene imbarazzanti 2 camerieri...Pi√π
5,22 gennaio 2017,complimenti tutto perfetto, dalla cucina ai camerieri gentili e cordiali.....spero di ritornarci presto
4,22 gennaio 2017,Ho mangiato bene,seguito il consiglio dell albergo dove alloggiavo √® stata una sorpresa antipasto di mare buono e fresco e carbonara di mare superlativa....ottimo per quel che mi riguarda....prosecco della casa buono.Personale rapido efficente e molto gentile.Sono stato bene.In futuro lo tengo cone riferimento in...Pi√π
4,6 gennaio 2017,Abbiamo acquistato coupon sul portale Spiiky e siamo rimasti favorevolmente sorpresi del locale dove abbiamo cenato benissimo,locale molto bello rialzato sulla prima linea sul lungomare di Rivazzurra. Personale gentilissimo e cordiale come anche il proprietario del locale. Cena con antipasti di pesce molto buoni,tagliolini allo...Pi√π
5,4 gennaio 2017,Siamo stati in questo ristorante durante le feste di fine anno. Personale attento e gentilissimo, pesce ottimo, lasagne di pesce stupende, cos√¨ come primi di carne.  Pane fatto in casa e olio biologico. Ambiente piacevole e vista mare. Ottimo rapporto qualit√†/prezzo. Torneremo!
5,2 gennaio 2017,Sono stata qui sia a pranzo, mangiando pesce, sia a cena, mangiando pizza, per le feste di capodanno con amici e devo dire che √® il luogo migliore in cui abbiamo mangiato! Qualit√† prezzo ottima, personale fantastico e cibo buonissimo!!!!  Se andate a Rimini non...Pi√π
5,29 dicembre 2016,Partiamo dall'antipasto freddo ottimo e ben presentato dove i sapori dei vari pesci si differenziavano, passiamo ai tagliolini allo scoglio a dire poco  sublimi e ben conditi con la pasta che si legava al sapore di mare!!!!! Passiamo al secondo con fritto di mare misto...Pi√π
5,25 dicembre 2016,Splendido! Abbiamo mangiato benissimo! Bravi!complimenti! Camiere di una accoglienza spettacolare....
5,5 dicembre 2016,Sono stata qui con il mio ragazzo questa estate...abbiamo mangiato benissimo anche se abbiamo avuto un piccolo incidente subito risolto dallo staff appena fatto presente, staff preparato, servizievole e gentilissimo....niente da dire sugli strozzapreti Sangiovese e salsiccia üòä
5,16 ottobre 2016,ho mangiato in questo ristorante casualmente,onestamente ho mangiato benino,niente di eccezionale...lo consiglio per chi si trova nei paraggi casualmente....
1,15 settembre 2016,Indirizzati da parenti su questo ristorante ci rechiamo li' per cena. Ordino un tris di carpaccio che quando arriva si presenta consistente di alcune (poche per la verita'...) fette quasi trasparenti da quanto erano sottili. Talmente sottili che quasi non si tiravano su con la...Pi√π
1,11 settembre 2016,Siamo andati in questo ristorante venerd√¨ scorso su consiglio del portiere del nostro albergo e con un buono del 10% di sconto. Arriviamo e leggiamo fuori dei cartelli con invitanti men√π a prezzi interessanti. Ci sediamo e ci dicono 11che i men√π scritti fuori non...Pi√π
3,10 settembre 2016,Potrebbe avere le potenzialit√†, ma si adatta alla clientela del turismo rivierasco. Molta confusione, qualit√† prezzo da rivedere..
3,10 settembre 2016,Alloggiamo per un week end in un b & b al ritorno dalla spiaggia un signore fuori da questo ristorante ci illustra tutti i piatti   del menu invitandoci a tornare per la cena e ci regala un buono sconto del 10% valido per la sera...Pi√π
4,4 settembre 2016,siamo stati in questo ristorante una bella e calda serata di settembre, con tutte le finestre aperte che facevano entrare l'aria di mare, che si trova di fronte al locale al di l√† della strada per Rimini. Siamo accolti amichevolmente da un bravo cameriere all'entrata,...Pi√π
1,3 settembre 2016,Siamo stati a cena presso questo ristorante che si trova a Rivazzura di Rimini poco distante dal mare. Appena arrivati il ristorante era in parte pieno e gi√† regnava un area di caos e confusione. All'interno del locale √® abbastanza caldo, in estate piena penso...Pi√π
3,30 agosto 2016,Abbiamo cenato prendendo una grigliata di crostacei e uno spiedino di gamberi e calamari e √® ravioli al burro e salvia .... Insomma...... Penso di aver pagato molto la grigliata di crostacei x quello che mi hanno dato... Conveniva prendere lo spiedino
1,23 agosto 2016,Ci siamo indirizzati verso questo locale in quanto avevamo una convenzione con il residence in cui alloggiavamo, che si √® poi rivelata essere valida solamente fino alle 20.15. Per non spendere troppo abbiamo optato per due pizze, che insieme a due birre medie e due...Pi√π
3,23 agosto 2016,PI√ô QUALIT√Ä MENO QUANTIT√Ä  Abbiamo ordinato un antipasto di salumi,abbondantissimo per due persone, abbastanza buono, ma mi aspettavo di pi√π da una regione nota per la bont√† dei salumi. Poi sono arrivati i primi, molto abbondanti, ma gli strozza preti erano un po annacquati e...Pi√π
3,23 agosto 2016,Affollato e caotico ma comodo, ci hanno fatto salire con sedia a rotelle facilmente da dietro senza difficolt√†, pizza a metro molto buona e pesce fresco, prezzi tranquilli e sito sopraelevato praticamente sulla passeggiata. Piatti buoni e atmosfera diciamo da dipendenza della cultura popolare.
3,20 agosto 2016,Ci hanno fatto accomodare al nostro tavolo e il men√π era invitante. Una volta ricevuti i piatti, le porzioni dello stesso piatto erano incredibilmente differenti in quantit√†!!!!! Nella sala vigeva grande confusione, soprattutto a causa della presenza ingombrante e caotica del titolare!!! Il momento epico...Pi√π
4,20 agosto 2016,Ristorante sul viale principale di fronte al mare. Abbiamo preso delle cozze alla marinara e una caprese come antipasti. Le cozze erano freschissime e molto buone, la caprese era media. Come piatti principali abbiamo preso una tagliata di tonno e degli strozzapreti con salsiccia e...Pi√π
4,19 agosto 2016,Ci siamo ritrovati qui una domenica di marzo eravamo in 5, abbiamo mangiato molto bene tutto a base di pesce, per finire con il dolce e caff√®. Appena possibile ci ritorneremo.
5,18 agosto 2016,ottimo ristorante,ampia scelta per tutti i gusti con personale disponibile e gentile,stupendo il pane fatto da loro
1,18 agosto 2016,Siamo andati a cena una sera incuriositi da ristorante e dal Figlio  del titolare che ci ha invitati a mangiare arrivati c'era molta confusione e ci hanno accomunato vicino a una finestra √® gi√† l√¨ si vedeva il caos perch√© il ristorante serve anche la...Pi√π
5,16 agosto 2016,Personale davvero eccellente, ti segue dal momento in cui entri fino alla fine del tuo pasto. Cibo preparato con cura e servito con professionalit√†.  Tutto ottimo.
2,16 agosto 2016,disorganizzati , cibo non troppo buono nella mia pasta ai gamberi e zucchine cera la sabbia , mi hanno cambiato la pietanza ma chiaramente uno poi non mangia tranquilloPi√π
5,15 agosto 2016,Io e la mia famiglia siamo stati in questo ristorante il primo giorno di soggiorno a Rivazzurra. Personale gentile e attento alle richieste dei clienti. Pizza ottima, ambiente arieggiato, vista sul parco e la spiaggia. Ottimo rapporto qualit√†/prezzo Consigliatissimo.
1,15 agosto 2016,Sono stata a cena ieri sera, da fuori sembra anche carino, dal men√π esterno i prezzi Nn mi sembravano male X il resto un disastro!!!! Servizio frettoloso scortese da persone poco formate, e comunque formate male! Ho assistito ad una scena terribile in mezzo alla...Pi√π
5,10 agosto 2016,Semplicemente eccellente in tutto!!!! Personale,qualita del mangiare, simpatia del titolare,cortesia!!! Non capisco le recensioni negative!!! Io vado spesso con la famiglia!!!
4,8 agosto 2016,Ieri sera 7 agosto 2016 ho cenato presso la Terrazza. Bello il ristorante un classico della romagna con menu molto ricco. Anche troppo. Gentilezza e cortesia ottima da parte del personale. Il cibo come la pizza sono molto buoni e ben serviti. Unica pecca (ieri...Pi√π
3,1 agosto 2016,Dipende dai giorni...a giorni bene...a giorni meno..  il personale √© gentile xo .. nn prendete offerte su internet xch√© se spendere meno abbassano la qualita
5,26 luglio 2016,Posto incantevole fronte mare con una cucina divina:-)il proprietario simpaticissimo abbiamo mangiato veramente bene e il rapporto qualit√† prezzo ottimo lo consiglio senza dubbio
5,22 luglio 2016,Ho pranzato qualche giorno fa in questo accoglientissimo ristorante situato sul lungomare di Rimini,quindi ci siamo accomodati affacciati sul mare e con vista bellissima!!! Primi piatti di qualit√† assoluta e ben curati,io ho ordinato saut√© di cozze (freschissime e gradevoli) per poi condividere con gli...Pi√π
4,22 luglio 2016,Abbiamo pranzato qui con i nostri 3 bimbi e due amici una domenica di Giugno ,carbonara di mare buonissimi e anche i bimbi erano felici dei loro spaghetti alle vongole! Vorrei tornare a mangiare la pizza! Consiglio
3,22 luglio 2016,Pizza buona...hanno anche diversi tipi di impasto...ma il servizio un po lento e confusionale anche se la sala non era piena...
3,21 luglio 2016,Abbiamo cenato in terrazza, ambiente pulito e con molti tavoli.Abbiamo preso tre pizze e un primo tutto buono, prezzi nella media.Personale gentile.Locale nella media.
4,17 luglio 2016,Io e la mia morosa siamo stati a cena in questo ristorante ubicato sul lungomare, ci siamo trovati bene, abbiamo mangiato un antipasto di cozze alla marinara, davvero molto buone, molto validi e abbondanti i primi, rispettivamente tagliolini alla scoglio e spaghetti alle veraci, per...Pi√π
2,6 luglio 2016,Premetto che per quanto riguarda i prezzi, in generale sono abbastanza bassi per essere un locale sul mare.  Sono stato a cena con amici, e la nostra esperienza √® stata tendenzialmente negativa ma non pessima. Io presi una pizza, diciamo decente ma era tendenzialmente duretta,...Pi√π
4,5 luglio 2016,Ho pranzato qui con delle amiche questo fine settimana...nulla da dire! Location suggestiva con vista mare, il personale molto accogliente e gentile, sempre con il sorriso!! Almeno per quanto mi riguarda √® la caratteristica che apprezzo maggiormente in chi lavora a contatto con le persone!...Pi√π
4,3 luglio 2016,Abbiamo cenato dall'antipasto al secondo a base di pesce, con del buon prosecco e della buona birra. Ottimo rapporto qualit√† prezzo. Personale gentile e servizievole.
4,3 luglio 2016,Purtroppo siamo stati in questo locale troppe volte per poter scrivere una recensione precisa e puntuale. Basti sapere che siamo stati quattro volte. Il commento generale e': servizio veloce con, forse, qualcosa da registrare durante il weekend; eccellente selezione di birre; buone le pizze (nella...Pi√π
4,3 luglio 2016,Lo consiglio vivamente!  Antipasto buono e originale. Molto buoni anche i dessert, e sicuramente  da provare  i paccheri  all'astice!
4,3 luglio 2016,Ottimo ristorante...personale accogliente ...Tutto molto buono e di bel aspetto....vista mare ....consiglio
3,27 giugno 2016,Ci siamo imbattuti nella Terrazza durante un weekend lungo trascorso a Rivazzurra. Ci hanno messo nella parte interna del locale dove nonostante i ventilatori si pativa un po' il caldo. Buone le pizze, da migliorare il servizio: in un ordine di 4 pizze, non ci...Pi√π
4,27 giugno 2016,Le pizze sono molto buone e molto grandi e, cosa molto importante, digeribilissime!!! Se mai capiter√≤ nuovamente a Rimini, torner√≤ a mangiare in questo locale. I prezzi sono nella media di una localit√† di mare.
4,26 giugno 2016,Abbiamo cenato in questo ristorante durante la nostra vacanza. Il locale √® molto carino situato nella via principale e fronte mare. Nel men√π c'√® un'ampia scelta. Noi abbiamo scelto di mangiare la pizza. Sono stati apprezzati di pi√π gli accostamenti singolari che le pizze tradizionali....Pi√π
5,26 giugno 2016,Pranzo di pesce in famiglia: antipasti freddi e tagliolini allo scoglio molto gustosi, fritto buonissimo, ottima crema catalana. Servizio cordiale, attento e veloce. Locale ventilato con vista sul mare. Consigliato!
5,24 giugno 2016,Siamo stati a cena io, mia moglie e le due bimbe. Ottima pasta fresca e fritto mediterraneo da leccarsi i baffi.  Tutto molto buono e con porzioni generoso.
5,19 giugno 2016,Abbiamo mangiato presso questo ristorante con amici. Abbiamo preso i tagliolini allo scoglio... Buonissimo!!!! Poi grigliata di pesce e spiedini... Veramente buoni e cotti alla perfezione!!! Torneremo!!!
4,14 giugno 2016,Ci siamo stati a pranzo e abbiamo mangiato molto bene, tutto buono dall'antipasto in poi, persino il pane integrale fatto da loro con diversi impasti, ma una menzione speciale va alla carbonara di pesce che dovete proprio assaggiare. A fine pasto vi consiglio di lasciare...Pi√π
5,12 giugno 2016,Un ristorantino davvero fantastico sia a pranzo che a cena! Il cibo √® eccellente e di qualit√† altissima e la presentazione non √® da meno tutto sempre impeccabile. E come non citare il fantastico proprietario sempre presente in sala e molto cordiale e simpatico!! Consigliatissimo!!!...Pi√π
1,4 giugno 2016,Arrivati alle 21,45 per cenare..ci fanno gentilmente accomodare quasi subito..da l√¨ gi√† finito l'idillio..mezz'ora per avere acqua e pane facendo passare prima altri tavoli arrivati dopo di noi (e la cosa si √® susseguita anche con i piatti di portata), almeno 6 camerieri che per...Pi√π
3,3 giugno 2016,Cenato in questo ristorante di rivazzurra. Molto affollato ma questo si sapeva, siam in riviera. Piatti buoni, preparati senza volere strafare. Ci√≤ √® sempre apprezzabile. Peccato il fritto misto un po' unto. Ero indeciso per la 4 stellina, ma il prezzo un po' caro rispetto...Pi√π
1,2 giugno 2016,Porzioni piccole, prezzi elevati e servizio pessimo!!! Abbiamo aspettato un piatto di tagliolini per un'ora e mezza !!! Nell'altro piatto di tagliolini abbiamo trovato una paglietta X pulire le cozze !Ci hanno portato il cestino del pane e poi sono venuti a riprenderselo lasciandoci senza!!!...Pi√π
4,1 giugno 2016,Abbiamo avuto l'occasione di mangiare al ristorante la terrazza e ci siamo trovati molto bene.  Cibo squisito ed ottimo rapporto qualit√† prezzo
4,1 giugno 2016,Cena gradevole con porzioni abbondanti , unica pecca √® stata la limitazione nella scelta dei piatti , e nel coupon prevedeva due tipi di piatti da scegliere
4,31 maggio 2016,Siamo al mare, quindi pesce: ottima la tagliata di tonno con verdurine e il salmone norvegese grigliato. Buono il conto. Consigliato.
5,29 maggio 2016,Io e una mia amica siamo andati oggi a pranzo!!!!! Abbiamo preso il men√π da 24,90‚Ç¨ prezzo e qualit√† ottima per un pranzo di pesce abbiamo mangiato spaghetti alle vongole, fritto di pesce, spiedini sorbetto e la crema gianduia!!! Tutto molto buono!! In pi√π il...Pi√π
5,28 maggio 2016,sono stato tre giorni a Rivazzura e su segnalazione del hotel la prima sera siamo stati alla Terrazza e ci siamo subito trovati molto bene sia per la cortesia del personale e del propietario che per l'ottimo pesce. Cos√¨ siamo tornati anche le altre 2...Pi√π
4,23 maggio 2016,siamo stati ieri io e mia moglie con un coupon tippest, nulla da eccepire il pranzo √® stato ottimo ,personale gentile e disponibile dal antipasto al dolce tutto ottimo.. nel punteggio complessivo non ho dato eccellente per un motivo solo... ( nulla di grave)nel men√π...Pi√π
5,15 maggio 2016,Bel locale con un buon servizio. Abbiamo preso entrambi la tagliata al sale e rosmarino che era veramente ottima e ottima anche la macedonia. Prezzi nella media.
3,12 maggio 2016,Due visiti fatto in questo ristorante pizzeria. Alla prima ho preso un primo spaghetti gamberi e porcini. Li ho rimandati indietro perch√© ii porcini non erano tutti porcini. Il secondo piatto arrivato non ho lamentato pi√π niente anche perch√© avevo troppa famme. La seconda visita...Pi√π
4,8 maggio 2016,Se cercate un'ottima pizza con la pasta alta e soffice o un piatto di tagliolini allo scoglio bianco (senza pomodoro) venite qui e non ve ne pentirete.
2,7 maggio 2016,Siamo venuti a mangiare su consiglio di varie persone che dicevano che si mangiava  bene. Intanto le porzioni sono scarse ma quello che fa pi√π arrabbiare √®  il fatto cge prima ti dicono che la fornarina  √®  offerta cos√¨ come il limoncello  e poi te...Pi√π
4,1 maggio 2016,Scelto a caso, convinti dalla vista mare! Antipasti di cozze e antipasto freddo misto. Un cous cous di verdure e un salmone grigliato. Tutto buono e prodotti freschi. Personale gentile. Il conto un po salato ma la vista mare si paga! Carina l'idea del gratta...Pi√π
4,30 aprile 2016,Provato a pranzo e a cena, niente male anche per tavoli da pi√π persone. Dolci molto buoni e pasta fatta in casa che fa la differenza. Materie prime buone. Frittura fresca. A due passi dai lidi e dal mare.
4,30 aprile 2016,Abbiamo scoperto questo ristorante grazie ad un coupon di Spiiky. Ambiente accogliente e personale gentilissimo. Ottimo il servizio. Cibo eccellente, cucinato in modo semplice valorizzandone la qualit√†. Leone ha giustamente deciso di intraprendere la strada del BIO e del KM 0 al fine di proprorre...Pi√π
4,28 aprile 2016,Abbiamo cenato scegliendo la pizza che si √© rivelata la scelta giusta in quanto √© molto buona e molto delicata!un buon posto dove mangiare e non spendere  troppo!!!
5,27 aprile 2016,Complimenti a Leone per aver creato un ambiente caldo accogliente familiare e di qualit√† in tutto, dal cibo al servizio,  Ho trascorso una piacevolissima serata in famiglia come se fossi a casa mia, complimenti allo chef per averci deliziato con i suoi piatti a Leone...Pi√π
5,15 aprile 2016,Sono stato alla terrazza anche a pranzo e pi√π di una volta a cena.. Tutto molto buono e fresco..  Ottima la cena, Personale fantastico e molto simpatico il proprietario.. Consigliato !
5,8 aprile 2016,Gestione cambiata da poco, personale ottimo molti carini e gentili. prodotti eccellenti.  Porzioni abbondanti. Qualit√† molto pi√π alta nella zona e qualit√† prezzo ottima.
4,29 marzo 2016,Ottima accoglienza, curati in ogni dettaglio con una attenzione massima da parte del personale. All'arrivo la cameriera gentilissima ci ha subito proposto della coca cola per i ragazzi in sostituzione del dello spumante e del vino previso dal coupon. Antipasti di ottima qualit√† e preparati...Pi√π
5,29 marzo 2016,consiglio di provare questo ristorante,si mangia bene il cibo tutto buono anche il servizio al tavolo non fa aspettare tanto e sono gentili. mi sono trovato davvero bene.
5,28 marzo 2016,Sono stato a cena con la mia ragazza sabato sera e siamo stati bene tutto buono,anche il personale gentile,se avessi occasione ci ritornerei.
5,28 marzo 2016,Ottima scelta per famiglie e per coppie che vogliono deliziare il proprio palato riscoprendo le tradizione della cucina locale con una qualit√† di cibo molto elevata e a Km.0. La simpatia di Leone e la cordialit√† del suo staff fanno la differenza rispetto ad altri...Pi√π
5,24 marzo 2016,Ci sono stato oggi con un coupon cena di pesce: Devo dire che sono rimasto sorpreso tutto ottimo e ottimo il servizio torner√≤ molto spesso ...
5,21 marzo 2016,Siamo stati a mangiare qui io e altri 4 amici su suggerimento di altri amici che sono venuti in precedenza e devo dire che ne siamo rimasti entusiasti ..... la gentilezza e cordialit√† del personale .... la splendida cucina ricca di sapori d'altri tempi e...Pi√π
5,19 marzo 2016,Abbiamo mangiato pesce, molto buono!Locale bello di fronte al mare e personale gentile. Spesa nella norma. Ci torneremo.
3,10 febbraio 2016,sar√† che c'era piu gente del previsto ma nel periodo del sigep lo sapranno in anticipo ma abbiamo avuto l'impressione che la folla li abbia presi di sorpresa ,e quetso lo si pu√≤ comprendere finche cambiano i tempi d'attesa , ma da qui a sbagliare...Pi√π
5,9 febbraio 2016,Ottimo ristorante tantissime varieta' di cibi puoi scegliere di mangiare dentro o fuori all'aperto e' davvero bello. Il menu' per i bambini e' misero. Poco scelta di cibo.Pi√π
5,30 gennaio 2016,Mi sono trovata molto bene in questo ristorante...la mia intenzione era di fare un pranzo a base di pesce e sono stata davvero soddisfatta...se dovessi capitare ancora da quelle parti ci torner√≤ senz'altro per assaporare altre pietanze!!
3,28 gennaio 2016,Cena di lavoro. Buona cucina. Personale attento e gentile. Consigliato. Buon rapporto qualit√† prezzo.
4,27 gennaio 2016,Siamo stati in questo locale un sabato sera, abbiamo mangiato un antipasto per due e due secondi di pesce..Il cibo era molto buono, come il servizio, personale disponibile e cortese, specialmente il proprietario..abbiamo aspettato un po ma il locale era pieno e ci pu√≤ stare..Prezzi...Pi√π
3,24 gennaio 2016,Domenica sera. Cena di  3 amici.  Organizzazione insufficiente. Arrivi prima... e mangi dopo.... arrivi dopo.... magari ti servono il cibo prima di quelli che avevano ordinato in precedenza.. personale gentile ma confusionario... qualit√† del cibo intorno alla sufficienza....
5,23 gennaio 2016,Siamo stati a cena in questa pizzeria ristorante. Eravamo in 4 e mangiato 3 pizze ed primo e quattro dolci. Sia il primo che le pizze erano buone! Il servizio un po lento ma con il locale pieno capisco pu√≤ starci, ma comunque sempre cordiale...Pi√π
5,22 gennaio 2016,Pizza con la famiglia... di ottimo livello,  qualit√† e abbondanza nei condimenti. Segnalo con piacere tra i dolci la "chiscache" ai frutti di bosco. .. Ooottima. Ci ritorneremo con piacere.
5,7 gennaio 2016,Ottimo servizio personale gentile cordiale e qualificato il proprietario gentilissimo e simpatico e professionale.... Abbiamo pranzato con un coupon di Tippest..... ottimo tutto,pesce fresco, pasta fatta in casa squisita,prodotti tutti freschi e cucinati a doc...speso una schiochezza facendo un men√π completo..di sicuro ci torno prima...Pi√π
2,5 gennaio 2016,Io ed un mio amico siamo stati a pranzo in questo locale per mangiare una pizza. Dopo esserci accomodati, prima di ordinare 2 pizze e 2 bevande, √® passato 15 minuti abbondanti per l'ordinazione. Ma qui viene il bello. Di solito, se bisogna attendere parecchio,...Pi√π
5,4 gennaio 2016,Ci sono stata a cena con il mio compagno una settimana fa con un coupon Tippest per una cena di pesce e devo dire che siamo rimasti molto colpiti: bel locale pulito e curato situato proprio sul lungomare di Rivazzurra di Rimini, ottimo cibo e...Pi√π
5,2 gennaio 2016,ottimo ristorante....titolare leo molto disponibile.....bel posto con vista mare ..mangiare ottimo servizio eccellente lo consiglio!!!!!!!!!!!! sicuramente ci ritornero
5,27 dicembre 2015,Ci sono stato e sono rimasto molto contento sia io che i miei amici..... servizio ottimo....mangiare abbastanza buono e prezzi eccellenti rispetto ad altri ristoranti in zona......
5,17 dicembre 2015,Mi sono fermato oggi con la mia compagna a pranzo in attesa di raggiungere le Marche. Pensavo a qualcosa di semplice e leggero visto che avevamo ancora un po' di chilometri da fare. In realt√† sono stato travolto dalle stuzzicanti proposte di pesce del simpaticissimo...Pi√π
4,3 novembre 2015,Tra i ristoranti che mi √® capitato di provare a Rimini questo secondo me √® il migliore. La tagliata di tonno √® super!
5,1 novembre 2015,Locale ben arredato e curato, situato proprio sul lungomare di Rivazzurra in posizione rialzata rispetto alla strada e molto areato ideale per le afose giornate estive. Personale molto gentile e disponibile e titolare molto simpatico. Abbiamo pranzato con un coupon Tippest che comprendeva antipasto misto...Pi√π
5,29 settembre 2015,abbiamo mangiato x 6 giorni pranzo e cena.abbiamo iniziato con l'assaggiare la pasta fatta in casa i tagliolini al nero di seppie favolosi come pure le altre paste.I crudi accezzionali freschissimi.Una poella fantastica e abbontantissima.Il vino Aulente consigliato da Leone buono.Lo staff tutto di una...Pi√π
2,26 settembre 2015,Cena di lavoro, antipasto nella media, vino Aulente buono, gnocchi gamberi e zucchine sufficienti, risotto ai frutti di mare tremendo, fritto e grigliata non male. Si pu√≤ trovare di meglio in zona nonostante il gestore del locale sia cordiale e disponibile.
5,18 settembre 2015,La simpatia travolgente di zio Leone e la cortesia di tutto lo staff fanno da contorno a una vasta gamma di portate davvero ottime. Se si √® fortunati come me si pu√≤ birre la birra dell'Oktoberfest prima ancora che questo inizi, visto che zio Leone...Pi√π
5,15 settembre 2015,Siamo stati in questo ristorante per festeggiare il compleanno di mia moglie, abbiamo mangiato antipasto, primo e secondo a base di pesce, cucinato perfettamente e veramente buono, il proprietario √® stato davvero gentile e simpatico, sicuramente ci torneremo!!
3,5 settembre 2015,Nella media. Buone le preparazioni a base di pesce . Buon servizio . Locale pulito e discreto confort,
